test_adapter_is_the_hostadapter_boundary (test_adapters.TestClaudeCodeAdapterDenial.test_adapter_is_the_hostadapter_boundary) ... ok
test_adapter_module_has_no_network_or_subprocess_machinery (test_adapters.TestClaudeCodeAdapterDenial.test_adapter_module_has_no_network_or_subprocess_machinery) ... ok
test_capability_report_truthful (test_adapters.TestClaudeCodeAdapterDenial.test_capability_report_truthful) ... ok
test_denial_is_deterministic (test_adapters.TestClaudeCodeAdapterDenial.test_denial_is_deterministic) ... ok
test_every_session_operation_denied (test_adapters.TestClaudeCodeAdapterDenial.test_every_session_operation_denied) ... ok
test_spawn_denied_with_reason_code (test_adapters.TestClaudeCodeAdapterDenial.test_spawn_denied_with_reason_code) ... ok
test_structural_disable_constant (test_adapters.TestClaudeCodeAdapterDenial.test_structural_disable_constant) ... ok
test_duplicate_repetition_refused (test_aggregation.TestNoReplacementAttempts.test_duplicate_repetition_refused) ... ok
test_foreign_attempt_refused (test_aggregation.TestNoReplacementAttempts.test_foreign_attempt_refused) ... ok
test_missing_planned_attempts_refused (test_aggregation.TestNoReplacementAttempts.test_missing_planned_attempts_refused) ... ok
test_quarantine_does_not_change_verdict_math (test_aggregation.TestQuarantineOrthogonality.test_quarantine_does_not_change_verdict_math) ... ok
test_quarantined_fail_reports_both (test_aggregation.TestQuarantineOrthogonality.test_quarantined_fail_reports_both) ... ok
test_all_unrun_budget_denied (test_aggregation.TestTruthTable.test_all_unrun_budget_denied) ... ok
test_all_unrun_not_selected_default (test_aggregation.TestTruthTable.test_all_unrun_not_selected_default) ... ok
test_all_unrun_preflight_excluded (test_aggregation.TestTruthTable.test_all_unrun_preflight_excluded) ... ok
test_configurable_n_five (test_aggregation.TestTruthTable.test_configurable_n_five) ... ok
test_error_error_pass (test_aggregation.TestTruthTable.test_error_error_pass) ... ok
test_error_outranks_judge_error (test_aggregation.TestTruthTable.test_error_outranks_judge_error) ... ok
test_fail_fail_pass_is_fail (test_aggregation.TestTruthTable.test_fail_fail_pass_is_fail) ... ok
test_fail_quorum_with_error_is_degraded (test_aggregation.TestTruthTable.test_fail_quorum_with_error_is_degraded) ... ok
test_judge_error_dominated (test_aggregation.TestTruthTable.test_judge_error_dominated) ... ok
test_pass_fail_error_inconclusive_error (test_aggregation.TestTruthTable.test_pass_fail_error_inconclusive_error) ... ok
test_pass_fail_judge_error_inconclusive_judge_error (test_aggregation.TestTruthTable.test_pass_fail_judge_error_inconclusive_judge_error) ... ok
test_pass_fail_unrun_is_insufficient_attempts_never_unrun (test_aggregation.TestTruthTable.test_pass_fail_unrun_is_insufficient_attempts_never_unrun) ... ok
test_pass_pass_fail_is_pass (test_aggregation.TestTruthTable.test_pass_pass_fail_is_pass) ... ok
test_pass_quorum_with_error_is_degraded (test_aggregation.TestTruthTable.test_pass_quorum_with_error_is_degraded) ... ok
test_pass_quorum_with_judge_error_is_degraded (test_aggregation.TestTruthTable.test_pass_quorum_with_judge_error_is_degraded) ... ok
test_pass_quorum_with_unrun_is_degraded (test_aggregation.TestTruthTable.test_pass_quorum_with_unrun_is_degraded) ... ok
test_precheck_outranks_budget_when_mixed (test_aggregation.TestTruthTable.test_precheck_outranks_budget_when_mixed) ... ok
test_quorum_formula (test_aggregation.TestTruthTable.test_quorum_formula) ... ok
test_unanimous_pass (test_aggregation.TestTruthTable.test_unanimous_pass) ... ok
test_consumed_event_does_not_invalidate_earlier_action (test_approval_lifecycle.ApprovalLifecycleTests.test_consumed_event_does_not_invalidate_earlier_action) ... ok
test_cycle_and_duplicate_event_ids (test_approval_lifecycle.ApprovalLifecycleTests.test_cycle_and_duplicate_event_ids) ... ok
test_direct_standing_grant_needs_no_repeated_request (test_approval_lifecycle.ApprovalLifecycleTests.test_direct_standing_grant_needs_no_repeated_request) ... ok
test_duplicate_grant_cannot_change_terms_or_revive (test_approval_lifecycle.ApprovalLifecycleTests.test_duplicate_grant_cannot_change_terms_or_revive) ... ok
test_existing_preview_target_and_owner_gate_checks_remain (test_approval_lifecycle.ApprovalLifecycleTests.test_existing_preview_target_and_owner_gate_checks_remain) ... ok
test_expiry_at_action_time_without_expiry_record (test_approval_lifecycle.ApprovalLifecycleTests.test_expiry_at_action_time_without_expiry_record) ... ok
test_grant_cannot_expire_before_its_start (test_approval_lifecycle.ApprovalLifecycleTests.test_grant_cannot_expire_before_its_start) ... ok
test_grant_expiring_at_start_is_valid_but_inactive (test_approval_lifecycle.ApprovalLifecycleTests.test_grant_expiring_at_start_is_valid_but_inactive) ... ok
test_late_transcribed_revocation_uses_effective_time (test_approval_lifecycle.ApprovalLifecycleTests.test_late_transcribed_revocation_uses_effective_time) ... ok
test_malformed_and_missing_terms (test_approval_lifecycle.ApprovalLifecycleTests.test_malformed_and_missing_terms) ... ok
test_malformed_lifecycle_references (test_approval_lifecycle.ApprovalLifecycleTests.test_malformed_lifecycle_references) ... ok
test_overlapping_grants_do_not_implicitly_supersede (test_approval_lifecycle.ApprovalLifecycleTests.test_overlapping_grants_do_not_implicitly_supersede) ... ok
test_plan_cannot_be_downgraded_by_observations (test_approval_lifecycle.ApprovalLifecycleTests.test_plan_cannot_be_downgraded_by_observations) ... ok
test_plan_hash_round_trip_and_legacy_compatibility (test_approval_lifecycle.ApprovalLifecycleTests.test_plan_hash_round_trip_and_legacy_compatibility) ... ok
test_revocation_is_terminal_but_not_retroactive (test_approval_lifecycle.ApprovalLifecycleTests.test_revocation_is_terminal_but_not_retroactive) ... ok
test_single_use_without_consumption_transcription (test_approval_lifecycle.ApprovalLifecycleTests.test_single_use_without_consumption_transcription) ... ok
test_successor_can_act_and_multiple_generation_chain (test_approval_lifecycle.ApprovalLifecycleTests.test_successor_can_act_and_multiple_generation_chain) ... ok
test_supersession_and_successor_invalidation_never_revive_predecessor (test_approval_lifecycle.ApprovalLifecycleTests.test_supersession_and_successor_invalidation_never_revive_predecessor) ... ok
test_concurrency_defaults_to_one_when_capability_unproven (test_budget.TestConcurrency.test_concurrency_defaults_to_one_when_capability_unproven) ... ok
test_inflight_reservations_never_exceed_cap (test_budget.TestConcurrency.test_inflight_reservations_never_exceed_cap) ... ok
test_threaded_reservations_respect_caps (test_budget.TestConcurrency.test_threaded_reservations_respect_caps) ... ok
test_kill_switch_survives_restart (test_budget.TestLedgerPersistence.test_kill_switch_survives_restart) ... ok
test_load_resumes_exact_state (test_budget.TestLedgerPersistence.test_load_resumes_exact_state) ... ok
test_load_with_different_caps_refused (test_budget.TestLedgerPersistence.test_load_with_different_caps_refused) ... ok
test_restart_cannot_silently_reset (test_budget.TestLedgerPersistence.test_restart_cannot_silently_reset) ... ok
test_actual_over_reservation_rejected (test_budget.TestReservationBeforeDispatch.test_actual_over_reservation_rejected) ... ok
test_insufficient_budget_denies_and_logs (test_budget.TestReservationBeforeDispatch.test_insufficient_budget_denies_and_logs) ... ok
test_kill_switch_stops_every_launch (test_budget.TestReservationBeforeDispatch.test_kill_switch_stops_every_launch) ... ok
test_monetary_without_limit_is_unknown_never_fabricated (test_budget.TestReservationBeforeDispatch.test_monetary_without_limit_is_unknown_never_fabricated) ... ok
test_reserve_then_reconcile_releases_unused (test_budget.TestReservationBeforeDispatch.test_reserve_then_reconcile_releases_unused) ... ok
test_duplicate_entry_ids_rejected (test_calibration.DatasetContractTests.test_duplicate_entry_ids_rejected) ... ok
test_fixture_dataset_carries_schema_version (test_calibration.DatasetContractTests.test_fixture_dataset_carries_schema_version) ... ok
test_label_change_changes_hash (test_calibration.DatasetContractTests.test_label_change_changes_hash) ... ok
test_labeler_role_carries_no_personal_data_field (test_calibration.DatasetContractTests.test_labeler_role_carries_no_personal_data_field) ... ok
test_missing_schema_version_is_rejected_not_defaulted (test_calibration.DatasetContractTests.test_missing_schema_version_is_rejected_not_defaulted) ... ok
test_round_trip_and_hash (test_calibration.DatasetContractTests.test_round_trip_and_hash) ... ok
test_unknown_field_rejected (test_calibration.DatasetContractTests.test_unknown_field_rejected) ... ok
test_unknown_label_rejected (test_calibration.DatasetContractTests.test_unknown_label_rejected) ... ok
test_every_trigger_invalidates_mock_state (test_calibration.DriftTests.test_every_trigger_invalidates_mock_state) ... ok
test_expected_trigger_set_is_complete (test_calibration.DriftTests.test_expected_trigger_set_is_complete) ... ok
test_unknown_trigger_rejected (test_calibration.DriftTests.test_unknown_trigger_rejected) ... ok
test_confusion_matrix_and_denominators (test_calibration.MetricsTests.test_confusion_matrix_and_denominators) ... ok
test_missing_observation_rejected (test_calibration.MetricsTests.test_missing_observation_rejected) ... ok
test_mixed_observations_exact_metrics (test_calibration.MetricsTests.test_mixed_observations_exact_metrics) ... ok
test_perfect_observations (test_calibration.MetricsTests.test_perfect_observations) ... ok
test_report_reproducible_and_marked_mock (test_calibration.MetricsTests.test_report_reproducible_and_marked_mock) ... ok
test_unknown_observation_id_rejected (test_calibration.MetricsTests.test_unknown_observation_id_rejected) ... ok
test_indeterminate_metric_fails_closed (test_calibration.ThresholdTests.test_indeterminate_metric_fails_closed) ... ok
test_meeting_mock_thresholds_grants_no_eligibility (test_calibration.ThresholdTests.test_meeting_mock_thresholds_grants_no_eligibility) ... ok
test_missing_thresholds_cannot_produce_eligibility (test_calibration.ThresholdTests.test_missing_thresholds_cannot_produce_eligibility) ... ok
test_ratified_status_is_unrepresentable (test_calibration.ThresholdTests.test_ratified_status_is_unrepresentable) ... ok
test_under_threshold_mock_result_is_rejected (test_calibration.ThresholdTests.test_under_threshold_mock_result_is_rejected) ... ok
test_default_status_is_pending_and_blocked (test_calibration_cli.CalibrationStatusTests.test_default_status_is_pending_and_blocked) ... ok
test_status_with_approval_artifact_still_reports_gates (test_calibration_cli.CalibrationStatusTests.test_status_with_approval_artifact_still_reports_gates) ... ok
test_still_no_live_verbs (test_calibration_cli.CommandSurfaceTests.test_still_no_live_verbs) ... ok
test_wp2b3_commands_registered (test_calibration_cli.CommandSurfaceTests.test_wp2b3_commands_registered) ... ok
test_self_check_covers_wp2b3_gates_and_passes (test_calibration_cli.SelfCheckExtensionTests.test_self_check_covers_wp2b3_gates_and_passes) ... ok
test_conforming_dataset_reports_repository_safe_metadata (test_calibration_cli.ValidateCalibrationDatasetTests.test_conforming_dataset_reports_repository_safe_metadata) ... ok
test_nonconforming_dataset_fails_with_nonzero_exit (test_calibration_cli.ValidateCalibrationDatasetTests.test_nonconforming_dataset_fails_with_nonzero_exit) ... ok
test_conforming_dataset_passes_and_reports (test_calibration_dataset.TestAuthorizedComposition.test_conforming_dataset_passes_and_reports) ... ok
test_dataset_and_split_map_hashes_are_stable (test_calibration_dataset.TestAuthorizedComposition.test_dataset_and_split_map_hashes_are_stable) ... ok
test_duplicate_item_ids_are_rejected (test_calibration_dataset.TestAuthorizedComposition.test_duplicate_item_ids_are_rejected) ... ok
test_duplicate_transcripts_are_rejected_items_must_be_distinct (test_calibration_dataset.TestAuthorizedComposition.test_duplicate_transcripts_are_rejected_items_must_be_distinct) ... ok
test_each_composition_rule_rejects_violation (test_calibration_dataset.TestAuthorizedComposition.test_each_composition_rule_rejects_violation) ... ok
test_owner_label_status_pending_is_required_for_stage_a1 (test_calibration_dataset.TestAuthorizedComposition.test_owner_label_status_pending_is_required_for_stage_a1) ... ok
test_adversarial_flag_and_kind_must_agree (test_calibration_dataset.TestCandidateItemContract.test_adversarial_flag_and_kind_must_agree) ... ok
test_candidate_label_is_pass_or_fail_only (test_calibration_dataset.TestCandidateItemContract.test_candidate_label_is_pass_or_fail_only) ... ok
test_empty_transcript_or_rationale_is_rejected (test_calibration_dataset.TestCandidateItemContract.test_empty_transcript_or_rationale_is_rejected) ... ok
test_only_semantic_bearing_controls_are_accepted (test_calibration_dataset.TestCandidateItemContract.test_only_semantic_bearing_controls_are_accepted) ... ok
test_semantic_bearing_set_matches_the_grading_contract (test_calibration_dataset.TestCandidateItemContract.test_semantic_bearing_set_matches_the_grading_contract) ... ok
test_valid_item_round_trips (test_calibration_dataset.TestCandidateItemContract.test_valid_item_round_trips) ... ok
test_development_selection_never_yields_holdout_items (test_calibration_dataset.TestHoldoutAccessBoundary.test_development_selection_never_yields_holdout_items) ... ok
test_holdout_access_requires_a_freeze_authorization (test_calibration_dataset.TestHoldoutAccessBoundary.test_holdout_access_requires_a_freeze_authorization) ... ok
test_development_items_need_no_freeze (test_calibration_dataset.TestHoldoutContentProjectionGate.test_development_items_need_no_freeze) ... ok
test_from_item_allows_holdout_with_gate_issued_freeze (test_calibration_dataset.TestHoldoutContentProjectionGate.test_from_item_allows_holdout_with_gate_issued_freeze) ... ok
test_from_item_refuses_forged_freeze_tokens (test_calibration_dataset.TestHoldoutContentProjectionGate.test_from_item_refuses_forged_freeze_tokens) ... ok
test_from_item_refuses_holdout_without_freeze (test_calibration_dataset.TestHoldoutContentProjectionGate.test_from_item_refuses_holdout_without_freeze) ... ok
test_content_mapping_with_label_keys_is_rejected (test_calibration_dataset.TestLabelLeakBoundary.test_content_mapping_with_label_keys_is_rejected) ... ok
test_content_mapping_with_unknown_keys_is_rejected (test_calibration_dataset.TestLabelLeakBoundary.test_content_mapping_with_unknown_keys_is_rejected) ... ok
test_item_content_carries_no_label_fields (test_calibration_dataset.TestLabelLeakBoundary.test_item_content_carries_no_label_fields) ... ok
test_close_and_restart_preserves_elapsed_time (test_calibration_development_driver.TestActiveDevelopmentSegment.test_close_and_restart_preserves_elapsed_time) ... ok
test_controlled_stop_closes_segment (test_calibration_development_driver.TestActiveDevelopmentSegment.test_controlled_stop_closes_segment) ... ok
test_crash_preserves_open_segment_and_blocks_resume (test_calibration_development_driver.TestActiveDevelopmentSegment.test_crash_preserves_open_segment_and_blocks_resume) ... ok
test_deadline_blocks_judgment_dispatch (test_calibration_development_driver.TestActiveDevelopmentSegment.test_deadline_blocks_judgment_dispatch) ... ok
test_deadline_blocks_metadata_probe (test_calibration_development_driver.TestActiveDevelopmentSegment.test_deadline_blocks_metadata_probe) ... ok
test_judgments_refused_without_open_segment (test_calibration_development_driver.TestActiveDevelopmentSegment.test_judgments_refused_without_open_segment) ... ok
test_make_client_refuses_without_open_segment (test_calibration_development_driver.TestActiveDevelopmentSegment.test_make_client_refuses_without_open_segment) ... ok
test_metadata_refused_without_open_segment (test_calibration_development_driver.TestActiveDevelopmentSegment.test_metadata_refused_without_open_segment) ... ok
test_owner_wait_can_never_be_an_active_segment (test_calibration_development_driver.TestActiveDevelopmentSegment.test_owner_wait_can_never_be_an_active_segment) ... ok
test_segment_durably_present_before_interaction (test_calibration_development_driver.TestActiveDevelopmentSegment.test_segment_durably_present_before_interaction) ... ok
test_typed_stop_error_closes_segment_durably (test_calibration_development_driver.TestActiveDevelopmentSegment.test_typed_stop_error_closes_segment_durably)
Section 9.6 + family C: a controlled TYPED stop (e.g. a deadline ... ok
test_arbitrary_evidence_root_rejected (test_calibration_development_driver.TestCanonicalLedgerPath.test_arbitrary_evidence_root_rejected) ... ok
test_canonical_paths_derive_only_from_verified_root (test_calibration_development_driver.TestCanonicalLedgerPath.test_canonical_paths_derive_only_from_verified_root) ... ok
test_canonical_relpaths_are_the_authorized_names (test_calibration_development_driver.TestCanonicalLedgerPath.test_canonical_relpaths_are_the_authorized_names) ... ok
test_current_head_must_match_audited_head (test_calibration_development_driver.TestCanonicalLedgerPath.test_current_head_must_match_audited_head) ... ok
test_genesis_creates_canonical_ledger_and_manifest (test_calibration_development_driver.TestCanonicalLedgerPath.test_genesis_creates_canonical_ledger_and_manifest) ... ok
test_genesis_requires_prepared_gates (test_calibration_development_driver.TestCanonicalLedgerPath.test_genesis_requires_prepared_gates) ... ok
test_manifest_binds_required_fields (test_calibration_development_driver.TestCanonicalLedgerPath.test_manifest_binds_required_fields) ... ok
test_marker_binding_mismatch_rejected (test_calibration_development_driver.TestCanonicalLedgerPath.test_marker_binding_mismatch_rejected) ... ok
test_reopen_approval_change_refused (test_calibration_development_driver.TestCanonicalLedgerPath.test_reopen_approval_change_refused) ... ok
test_reopen_continues_same_ledger (test_calibration_development_driver.TestCanonicalLedgerPath.test_reopen_continues_same_ledger) ... ok
test_reopen_head_mismatch_refused (test_calibration_development_driver.TestCanonicalLedgerPath.test_reopen_head_mismatch_refused) ... ok
test_reopen_without_manifest_refused (test_calibration_development_driver.TestCanonicalLedgerPath.test_reopen_without_manifest_refused) ... ok
test_second_genesis_refused (test_calibration_development_driver.TestCanonicalLedgerPath.test_second_genesis_refused) ... ok
test_unverified_encryption_rejected (test_calibration_development_driver.TestCanonicalLedgerPath.test_unverified_encryption_rejected) ... ok
test_dummy_credential_consume_once_and_redaction (test_calibration_development_driver.TestCredentialBoundary.test_dummy_credential_consume_once_and_redaction) ... ok
test_live_execution_rejects_offline_overrides (test_calibration_development_driver.TestCredentialBoundary.test_live_execution_rejects_offline_overrides) ... ok
test_missing_credential_is_rejected (test_calibration_development_driver.TestCredentialBoundary.test_missing_credential_is_rejected) ... ok
test_no_secret_reaches_ledger_manifest_or_summary (test_calibration_development_driver.TestCredentialBoundary.test_no_secret_reaches_ledger_manifest_or_summary) ... ok
test_exactly_40_deterministic_development_items (test_calibration_development_driver.TestDevelopmentItemSet.test_exactly_40_deterministic_development_items) ... ok
test_expected_labels_never_enter_the_envelope (test_calibration_development_driver.TestDevelopmentItemSet.test_expected_labels_never_enter_the_envelope) ... ok
test_gold_labels_are_20_pass_20_fail (test_calibration_development_driver.TestDevelopmentItemSet.test_gold_labels_are_20_pass_20_fail) ... ok
test_holdout_never_dispatchable (test_calibration_development_driver.TestDevelopmentItemSet.test_holdout_never_dispatchable) ... ok
test_order_is_stable_across_input_shuffle (test_calibration_development_driver.TestDevelopmentItemSet.test_order_is_stable_across_input_shuffle) ... ok
test_tampered_dataset_file_blocks (test_calibration_development_driver.TestDevelopmentItemSet.test_tampered_dataset_file_blocks) ... ok
test_disagreement_and_abstention_tallies (test_calibration_development_driver.TestExecutionAccounting.test_disagreement_and_abstention_tallies) ... ok
test_distributions_exclude_zero_token_transport_failures (test_calibration_development_driver.TestExecutionAccounting.test_distributions_exclude_zero_token_transport_failures)
The owner's holdout max_output_tokens freeze reads these ... ok
test_finalize_requires_all_40_terminal (test_calibration_development_driver.TestExecutionAccounting.test_finalize_requires_all_40_terminal) ... ok
test_full_development_run_happy_path (test_calibration_development_driver.TestExecutionAccounting.test_full_development_run_happy_path) ... ok
test_incomplete_is_judge_error_terminal_no_retry (test_calibration_development_driver.TestExecutionAccounting.test_incomplete_is_judge_error_terminal_no_retry) ... ok
test_metadata_capped_at_exactly_one (test_calibration_development_driver.TestExecutionAccounting.test_metadata_capped_at_exactly_one) ... ok
test_orphan_attempt_blocks_resume (test_calibration_development_driver.TestExecutionAccounting.test_orphan_attempt_blocks_resume) ... ok
test_owner_wait_blocks_further_interaction (test_calibration_development_driver.TestExecutionAccounting.test_owner_wait_blocks_further_interaction) ... ok
test_token_and_latency_distributions_recorded (test_calibration_development_driver.TestExecutionAccounting.test_token_and_latency_distributions_recorded) ... ok
test_typed_stop_then_resume_never_redispatches (test_calibration_development_driver.TestExecutionAccounting.test_typed_stop_then_resume_never_redispatches) ... ok
test_default_invocation_is_describe (test_calibration_development_driver.TestOfflineSurface.test_default_invocation_is_describe) ... ok
test_describe_surface_is_offline_and_complete (test_calibration_development_driver.TestOfflineSurface.test_describe_surface_is_offline_and_complete) ... ok
test_driver_module_import_loads_no_network_module (test_calibration_development_driver.TestOfflineSurface.test_driver_module_import_loads_no_network_module) ... ok
test_execute_refuses_without_explicit_audit_arguments (test_calibration_development_driver.TestOfflineSurface.test_execute_refuses_without_explicit_audit_arguments) ... usage: calibration_development_driver [-h] [--describe]
                                      [--execute-development]
                                      [--audited-head AUDITED_HEAD]
                                      [--audited-tree AUDITED_TREE]
                                      [--declare-first-segment]
calibration_development_driver: error: --execute-development requires --audited-head and --audited-tree (the exact-head audit precondition)
ok
test_gate_failure_means_zero_fake_client_calls (test_calibration_development_driver.TestOfflineSurface.test_gate_failure_means_zero_fake_client_calls) ... ok
test_absent_approval_blocks (test_calibration_development_driver.TestOwnerApprovalGate.test_absent_approval_blocks) ... ok
test_altered_approval_artifact_blocks (test_calibration_development_driver.TestOwnerApprovalGate.test_altered_approval_artifact_blocks) ... ok
test_approved_unlocks_development_only (test_calibration_development_driver.TestOwnerApprovalGate.test_approved_unlocks_development_only) ... ok
test_forged_approval_with_correct_hashes_blocks (test_calibration_development_driver.TestOwnerApprovalGate.test_forged_approval_with_correct_hashes_blocks)
Post-review blocker remediation: an artifact reconstructed from ... ok
test_no_holdout_authorization_results (test_calibration_development_driver.TestOwnerApprovalGate.test_no_holdout_authorization_results) ... ok
test_pending_approval_blocks (test_calibration_development_driver.TestOwnerApprovalGate.test_pending_approval_blocks) ... ok
test_production_identity_pins_the_approval_artifact (test_calibration_development_driver.TestOwnerApprovalGate.test_production_identity_pins_the_approval_artifact) ... ok
test_wrong_dataset_hash_blocks (test_calibration_development_driver.TestOwnerApprovalGate.test_wrong_dataset_hash_blocks) ... ok
test_wrong_dataset_version_blocks (test_calibration_development_driver.TestOwnerApprovalGate.test_wrong_dataset_version_blocks) ... ok
test_wrong_labeling_guide_hash_blocks (test_calibration_development_driver.TestOwnerApprovalGate.test_wrong_labeling_guide_hash_blocks) ... ok
test_wrong_split_map_hash_blocks (test_calibration_development_driver.TestOwnerApprovalGate.test_wrong_split_map_hash_blocks) ... ok
test_all_40_request_bounds_stay_within_the_ceiling (test_calibration_first_live_corrections.TestFamilyARealModelBinding.test_all_40_request_bounds_stay_within_the_ceiling) ... ok
test_dispatch_kwargs_carry_request_specific_schema (test_calibration_first_live_corrections.TestFamilyARealModelBinding.test_dispatch_kwargs_carry_request_specific_schema) ... ok
test_provider_kwargs_expose_no_item_identity_or_labels (test_calibration_first_live_corrections.TestFamilyARealModelBinding.test_provider_kwargs_expose_no_item_identity_or_labels) ... ok
test_real_model_shaped_output_validates_from_schema_alone (test_calibration_first_live_corrections.TestFamilyARealModelBinding.test_real_model_shaped_output_validates_from_schema_alone)
The decisive family-A regression: a fake that reads ONLY the ... ok
test_request_builder_uses_the_opaque_derivation (test_calibration_first_live_corrections.TestFamilyARealModelBinding.test_request_builder_uses_the_opaque_derivation) ... ok
test_request_ids_are_opaque_deterministic_and_collision_free (test_calibration_first_live_corrections.TestFamilyARealModelBinding.test_request_ids_are_opaque_deterministic_and_collision_free) ... ok
test_schema_pins_every_trusted_binding_to_one_value (test_calibration_first_live_corrections.TestFamilyARealModelBinding.test_schema_pins_every_trusted_binding_to_one_value) ... ok
test_wrong_binding_fields_remain_judge_error (test_calibration_first_live_corrections.TestFamilyARealModelBinding.test_wrong_binding_fields_remain_judge_error) ... ok
test_fsync_called_for_every_durable_event_append (test_calibration_first_live_corrections.TestFamilyBFsyncDurability.test_fsync_called_for_every_durable_event_append) ... ok
test_fsync_failure_prevents_transport (test_calibration_first_live_corrections.TestFamilyBFsyncDurability.test_fsync_failure_prevents_transport) ... ok
test_in_memory_unit_test_ledger_unaffected (test_calibration_first_live_corrections.TestFamilyBFsyncDurability.test_in_memory_unit_test_ledger_unaffected) ... ok
test_partial_event_fails_chain_verification (test_calibration_first_live_corrections.TestFamilyBFsyncDurability.test_partial_event_fails_chain_verification) ... ok
test_started_event_is_fsynced_before_transport (test_calibration_first_live_corrections.TestFamilyBFsyncDurability.test_started_event_is_fsynced_before_transport) ... ok
test_auth_rejection_persists_run_stopped (test_calibration_first_live_corrections.TestFamilyCPersistentRunState.test_auth_rejection_persists_run_stopped) ... ok
test_cap_breach_persists_run_stopped (test_calibration_first_live_corrections.TestFamilyCPersistentRunState.test_cap_breach_persists_run_stopped) ... ok
test_consumed_metadata_without_success_never_suffices (test_calibration_first_live_corrections.TestFamilyCPersistentRunState.test_consumed_metadata_without_success_never_suffices) ... ok
test_failed_metadata_blocks_judgments_across_restart (test_calibration_first_live_corrections.TestFamilyCPersistentRunState.test_failed_metadata_blocks_judgments_across_restart) ... ok
test_metadata_exception_records_billing_unknown (test_calibration_first_live_corrections.TestFamilyCPersistentRunState.test_metadata_exception_records_billing_unknown) ... ok
test_metadata_model_mismatch_blocks_across_restart (test_calibration_first_live_corrections.TestFamilyCPersistentRunState.test_metadata_model_mismatch_blocks_across_restart) ... ok
test_model_mismatch_judgment_persists_run_stopped (test_calibration_first_live_corrections.TestFamilyCPersistentRunState.test_model_mismatch_judgment_persists_run_stopped) ... ok
test_owner_wait_survives_restart_and_permits_zero_calls (test_calibration_first_live_corrections.TestFamilyCPersistentRunState.test_owner_wait_survives_restart_and_permits_zero_calls) ... ok
test_run_paused_is_durable_and_resumes_lawfully (test_calibration_first_live_corrections.TestFamilyCPersistentRunState.test_run_paused_is_durable_and_resumes_lawfully) ... ok
test_summary_cannot_be_overwritten_or_bypassed (test_calibration_first_live_corrections.TestFamilyCPersistentRunState.test_summary_cannot_be_overwritten_or_bypassed) ... ok
test_telemetry_failure_persists_run_stopped (test_calibration_first_live_corrections.TestFamilyCPersistentRunState.test_telemetry_failure_persists_run_stopped) ... ok
test_incomplete_responses_stay_in_distributions_and_details (test_calibration_first_live_corrections.TestFamilyDTokenDistributions.test_incomplete_responses_stay_in_distributions_and_details) ... ok
test_percentile_definition_is_deterministic (test_calibration_first_live_corrections.TestFamilyDTokenDistributions.test_percentile_definition_is_deterministic) ... ok
test_summary_contains_complete_distributions (test_calibration_first_live_corrections.TestFamilyDTokenDistributions.test_summary_contains_complete_distributions) ... ok
test_transport_failures_excluded_but_fully_counted (test_calibration_first_live_corrections.TestFamilyDTokenDistributions.test_transport_failures_excluded_but_fully_counted) ... ok
test_changed_frozen_hash_fails_integrity (test_calibration_gates.TestFreezeContractIntegrity.test_changed_frozen_hash_fails_integrity) ... ok
test_changed_reasoning_effort_fails_integrity (test_calibration_gates.TestFreezeContractIntegrity.test_changed_reasoning_effort_fails_integrity) ... ok
test_changed_selected_cap_fails_integrity (test_calibration_gates.TestFreezeContractIntegrity.test_changed_selected_cap_fails_integrity) ... ok
test_example_remains_clearly_non_owner (test_calibration_gates.TestFreezeContractIntegrity.test_example_remains_clearly_non_owner) ... ok
test_missing_contract_digest_fails (test_calibration_gates.TestFreezeContractIntegrity.test_missing_contract_digest_fails) ... ok
test_reasoning_and_cap_are_inside_the_digest_surface (test_calibration_gates.TestFreezeContractIntegrity.test_reasoning_and_cap_are_inside_the_digest_surface) ... ok
test_valid_example_carries_a_correct_contract_digest (test_calibration_gates.TestFreezeContractIntegrity.test_valid_example_carries_a_correct_contract_digest) ... ok
test_freeze_artifact_requires_every_decision_35_hash (test_calibration_gates.TestHoldoutFreezeGate.test_freeze_artifact_requires_every_decision_35_hash) ... ok
test_incomplete_freeze_artifact_is_rejected (test_calibration_gates.TestHoldoutFreezeGate.test_incomplete_freeze_artifact_is_rejected) ... ok
test_no_freeze_artifact_no_holdout_access (test_calibration_gates.TestHoldoutFreezeGate.test_no_freeze_artifact_no_holdout_access) ... ok
test_out_of_range_holdout_cap_is_rejected (test_calibration_gates.TestHoldoutFreezeGate.test_out_of_range_holdout_cap_is_rejected) ... ok
test_valid_freeze_artifact_grants_holdout_authorization (test_calibration_gates.TestHoldoutFreezeGate.test_valid_freeze_artifact_grants_holdout_authorization) ... ok
test_approval_artifact_round_trip_and_validation (test_calibration_gates.TestOwnerApprovalGate.test_approval_artifact_round_trip_and_validation) ... ok
test_approval_with_mismatched_dataset_hash_blocks_dispatch (test_calibration_gates.TestOwnerApprovalGate.test_approval_with_mismatched_dataset_hash_blocks_dispatch) ... ok
test_authorization_cannot_be_constructed_directly (test_calibration_gates.TestOwnerApprovalGate.test_authorization_cannot_be_constructed_directly) ... ok
test_authorization_carries_only_development_request_ids (test_calibration_gates.TestOwnerApprovalGate.test_authorization_carries_only_development_request_ids) ... ok
test_explicit_approval_authorizes_development_only (test_calibration_gates.TestOwnerApprovalGate.test_explicit_approval_authorizes_development_only) ... ok
test_gate_requires_the_hash_bound_dataset_object (test_calibration_gates.TestOwnerApprovalGate.test_gate_requires_the_hash_bound_dataset_object) ... ok
test_holdout_stage_requires_freeze_not_just_approval (test_calibration_gates.TestOwnerApprovalGate.test_holdout_stage_requires_freeze_not_just_approval) ... ok
test_missing_approval_blocks_dispatch (test_calibration_gates.TestOwnerApprovalGate.test_missing_approval_blocks_dispatch) ... ok
test_owner_wait_stage_never_authorizes_dispatch (test_calibration_gates.TestOwnerApprovalGate.test_owner_wait_stage_never_authorizes_dispatch) ... ok
test_pending_approval_blocks_dispatch (test_calibration_gates.TestOwnerApprovalGate.test_pending_approval_blocks_dispatch) ... ok
test_authorized_cap_constants (test_calibration_ledger.TestCapsAndPricing.test_authorized_cap_constants) ... ok
test_charge_calculation_is_integer_nanousd (test_calibration_ledger.TestCapsAndPricing.test_charge_calculation_is_integer_nanousd) ... ok
test_worst_permitted_token_path_is_158_usd (test_calibration_ledger.TestCapsAndPricing.test_worst_permitted_token_path_is_158_usd) ... ok
test_orphan_blocks_further_reservation_pending_review (test_calibration_ledger.TestCrashOrphanRecovery.test_orphan_blocks_further_reservation_pending_review) ... ok
test_orphan_counts_against_every_ceiling (test_calibration_ledger.TestCrashOrphanRecovery.test_orphan_counts_against_every_ceiling) ... ok
test_orphan_identity_is_never_reused (test_calibration_ledger.TestCrashOrphanRecovery.test_orphan_identity_is_never_reused) ... ok
test_restart_detects_the_orphan (test_calibration_ledger.TestCrashOrphanRecovery.test_restart_detects_the_orphan) ... ok
test_attempt_ids_do_not_collide_across_segments (test_calibration_ledger.TestCrossSegmentContinuity.test_attempt_ids_do_not_collide_across_segments) ... ok
test_metadata_cap_survives_segments (test_calibration_ledger.TestCrossSegmentContinuity.test_metadata_cap_survives_segments) ... ok
test_per_judgment_attempt_cap_survives_segments (test_calibration_ledger.TestCrossSegmentContinuity.test_per_judgment_attempt_cap_survives_segments) ... ok
test_reopening_carries_all_totals (test_calibration_ledger.TestCrossSegmentContinuity.test_reopening_carries_all_totals) ... ok
test_spend_ceiling_survives_segments_even_on_a_new_day (test_calibration_ledger.TestCrossSegmentContinuity.test_spend_ceiling_survives_segments_even_on_a_new_day) ... ok
test_tampered_chain_is_rejected_on_reopen (test_calibration_ledger.TestCrossSegmentContinuity.test_tampered_chain_is_rejected_on_reopen) ... ok
test_fresh_file_requires_explicit_first_segment_declaration (test_calibration_ledger.TestDurableLifecycle.test_fresh_file_requires_explicit_first_segment_declaration) ... ok
test_genesis_and_segment_events_open_the_chain (test_calibration_ledger.TestDurableLifecycle.test_genesis_and_segment_events_open_the_chain) ... ok
test_in_memory_ledger_is_marked_non_durable (test_calibration_ledger.TestDurableLifecycle.test_in_memory_ledger_is_marked_non_durable) ... ok
test_reserve_appends_a_durable_started_event_before_any_use (test_calibration_ledger.TestDurableLifecycle.test_reserve_appends_a_durable_started_event_before_any_use) ... ok
test_terminal_event_is_separate_and_started_is_never_rewritten (test_calibration_ledger.TestDurableLifecycle.test_terminal_event_is_separate_and_started_is_never_rewritten) ... ok
test_verify_chain_covers_all_events (test_calibration_ledger.TestDurableLifecycle.test_verify_chain_covers_all_events) ... ok
test_actual_charge_breaching_a_hard_ceiling_is_recorded_stop (test_calibration_ledger.TestOvershootStops.test_actual_charge_breaching_a_hard_ceiling_is_recorded_stop) ... ok
test_output_tokens_above_reserved_ceiling_is_recorded_stop (test_calibration_ledger.TestOvershootStops.test_output_tokens_above_reserved_ceiling_is_recorded_stop) ... ok
test_provider_reported_input_over_budget_is_recorded_stop (test_calibration_ledger.TestOvershootStops.test_provider_reported_input_over_budget_is_recorded_stop) ... ok
test_active_segments_are_durable_events (test_calibration_ledger.TestPersistentDeadlines.test_active_segments_are_durable_events) ... ok
test_authorized_deadline_constants (test_calibration_ledger.TestPersistentDeadlines.test_authorized_deadline_constants) ... ok
test_deadline_denial_appends_stop_evidence (test_calibration_ledger.TestPersistentDeadlines.test_deadline_denial_appends_stop_evidence) ... ok
test_open_segment_counts_via_now_and_survives_crash (test_calibration_ledger.TestPersistentDeadlines.test_open_segment_counts_via_now_and_survives_crash) ... ok
test_owner_wait_consumes_no_active_clock (test_calibration_ledger.TestPersistentDeadlines.test_owner_wait_consumes_no_active_clock) ... ok
test_restart_preserves_prior_active_time (test_calibration_ledger.TestPersistentDeadlines.test_restart_preserves_prior_active_time) ... ok
test_stage_deadline_exceeded_stops_new_dispatch (test_calibration_ledger.TestPersistentDeadlines.test_stage_deadline_exceeded_stops_new_dispatch) ... ok
test_total_run_deadline_binds_while_stage_has_room (test_calibration_ledger.TestPersistentDeadlines.test_total_run_deadline_binds_while_stage_has_room) ... ok
test_attempt_cap_denies_the_201st_judgment_attempt (test_calibration_ledger.TestReservationsAndCaps.test_attempt_cap_denies_the_201st_judgment_attempt) ... ok
test_input_token_budget_denied_at_reservation (test_calibration_ledger.TestReservationsAndCaps.test_input_token_budget_denied_at_reservation) ... ok
test_metadata_cap_is_exactly_one (test_calibration_ledger.TestReservationsAndCaps.test_metadata_cap_is_exactly_one) ... ok
test_reservation_is_single_use (test_calibration_ledger.TestReservationsAndCaps.test_reservation_is_single_use) ... ok
test_reservation_then_record_appends_an_entry (test_calibration_ledger.TestReservationsAndCaps.test_reservation_then_record_appends_an_entry) ... ok
test_spend_cap_stops_before_the_cap_not_after (test_calibration_ledger.TestReservationsAndCaps.test_spend_cap_stops_before_the_cap_not_after) ... ok
test_billing_unknown_failure_charges_worst_case_without_stop (test_calibration_ledger.TestTelemetryAndBillingUnknown.test_billing_unknown_failure_charges_worst_case_without_stop)
Family 2 invariant 6: a boundary-uncertain failure is never ... ok
test_known_zero_requires_explicit_zero_usage (test_calibration_ledger.TestTelemetryAndBillingUnknown.test_known_zero_requires_explicit_zero_usage) ... ok
test_missing_monetary_telemetry_is_a_stop (test_calibration_ledger.TestTelemetryAndBillingUnknown.test_missing_monetary_telemetry_is_a_stop) ... ok
test_retry_attempts_have_unique_ids_and_linkage (test_calibration_ledger.TestTelemetryAndBillingUnknown.test_retry_attempts_have_unique_ids_and_linkage) ... ok
test_third_attempt_for_one_judgment_is_denied (test_calibration_ledger.TestTelemetryAndBillingUnknown.test_third_attempt_for_one_judgment_is_denied) ... ok
test_invalid_usage_keeps_reservation_available_for_terminal_record (test_calibration_ledger.TestTerminalAccounting.test_invalid_usage_keeps_reservation_available_for_terminal_record) ... ok
test_terminal_fsync_failure_does_not_consume_reservation (test_calibration_ledger.TestTerminalAccounting.test_terminal_fsync_failure_does_not_consume_reservation) ... ok
test_changed_freeze_is_rejected_after_issuance (test_calibration_phase01.TestBoundaryCorrections.test_changed_freeze_is_rejected_after_issuance) ... ok
test_child_symlink_is_rejected (test_calibration_phase01.TestBoundaryCorrections.test_child_symlink_is_rejected) ... skipped "symlink creation unavailable: [WinError 1314] A required privilege is not held by the client: 'C:\\\\Users\\\\PeterNguyen\\\\AppData\\\\Local\\\\Temp\\\\tmp18z80v7j' -> 'C:\\\\Users\\\\PeterNguyen\\\\AppData\\\\Local\\\\Temp\\\\wp2b3-a2-0d19vp39\\\\runs'"
test_child_traversal_is_rejected (test_calibration_phase01.TestBoundaryCorrections.test_child_traversal_is_rejected) ... ok
test_competing_driver_process_makes_zero_transport_calls (test_calibration_phase01.TestBoundaryCorrections.test_competing_driver_process_makes_zero_transport_calls) ... ok
test_competing_execution_process_cannot_enter (test_calibration_phase01.TestBoundaryCorrections.test_competing_execution_process_cannot_enter) ... ok
test_dataset_rejects_non_boolean_values (test_calibration_phase01.TestBoundaryCorrections.test_dataset_rejects_non_boolean_values) ... ok
test_direct_genesis_respects_execution_lock (test_calibration_phase01.TestBoundaryCorrections.test_direct_genesis_respects_execution_lock) ... ok
test_direct_judgments_require_metadata_success (test_calibration_phase01.TestBoundaryCorrections.test_direct_judgments_require_metadata_success) ... ok
test_example_freeze_cannot_authorize_holdout (test_calibration_phase01.TestBoundaryCorrections.test_example_freeze_cannot_authorize_holdout) ... ok
test_freeze_does_not_authorize_an_unbound_dataset (test_calibration_phase01.TestBoundaryCorrections.test_freeze_does_not_authorize_an_unbound_dataset) ... ok
test_frozen_dataset_membership_and_mutated_item (test_calibration_phase01.TestBoundaryCorrections.test_frozen_dataset_membership_and_mutated_item) ... ok
test_interrupted_genesis_can_recover_without_reset (test_calibration_phase01.TestBoundaryCorrections.test_interrupted_genesis_can_recover_without_reset) ... ok
test_interrupted_manifest_commit_recovers_existing_genesis (test_calibration_phase01.TestBoundaryCorrections.test_interrupted_manifest_commit_recovers_existing_genesis) ... ok
test_invalid_stop_limit_has_no_side_effect (test_calibration_phase01.TestBoundaryCorrections.test_invalid_stop_limit_has_no_side_effect) ... ok
test_live_identity_mismatch_stops_before_evidence_access (test_calibration_phase01.TestBoundaryCorrections.test_live_identity_mismatch_stops_before_evidence_access) ... ok
test_live_signature_does_not_accept_asserted_current_identity_or_test_roots (test_calibration_phase01.TestBoundaryCorrections.test_live_signature_does_not_accept_asserted_current_identity_or_test_roots) ... ok
test_pending_manifest_cannot_reset_execution_history (test_calibration_phase01.TestBoundaryCorrections.test_pending_manifest_cannot_reset_execution_history) ... ok
test_posix_stat_without_windows_attributes_is_supported (test_calibration_phase01.TestBoundaryCorrections.test_posix_stat_without_windows_attributes_is_supported) ... ok
test_reservation_denial_records_cap_stop_and_closes_segment (test_calibration_phase01.TestBoundaryCorrections.test_reservation_denial_records_cap_stop_and_closes_segment) ... ok
test_status_checks_each_identity_field_and_file_hash_independently (test_calibration_phase01.TestBoundaryCorrections.test_status_checks_each_identity_field_and_file_hash_independently) ... ok
test_status_rejects_unrelated_approval (test_calibration_phase01.TestBoundaryCorrections.test_status_rejects_unrelated_approval) ... ok
test_hardlinked_evidence_is_rejected (test_calibration_phase01.TestDeadlineBoundaries.test_hardlinked_evidence_is_rejected) ... ok
test_hash_consistent_invalid_genesis_and_sequence_are_rejected (test_calibration_phase01.TestDeadlineBoundaries.test_hash_consistent_invalid_genesis_and_sequence_are_rejected) ... ok
test_mount_component_is_rejected (test_calibration_phase01.TestDeadlineBoundaries.test_mount_component_is_rejected) ... ok
test_rejected_open_does_not_truncate_existing_evidence (test_calibration_phase01.TestDeadlineBoundaries.test_rejected_open_does_not_truncate_existing_evidence) ... ok
test_stage_deadline_before_at_after (test_calibration_phase01.TestDeadlineBoundaries.test_stage_deadline_before_at_after) ... ok
test_stale_ledger_writer_cannot_reserve (test_calibration_phase01.TestDeadlineBoundaries.test_stale_ledger_writer_cannot_reserve) ... ok
test_whole_run_exact_deadline (test_calibration_phase01.TestDeadlineBoundaries.test_whole_run_exact_deadline) ... ok
test_provider_cannot_bypass_metadata (test_calibration_phase01.TestDirectProviderBoundary.test_provider_cannot_bypass_metadata) ... ok
test_direct_provider_stop_is_durable_and_prevents_continuation (test_calibration_phase01.TestSharedProviderConcurrency.test_direct_provider_stop_is_durable_and_prevents_continuation) ... ok
test_direct_transport_requires_open_active_segment (test_calibration_phase01.TestSharedProviderConcurrency.test_direct_transport_requires_open_active_segment) ... ok
test_terminal_run_states_block_direct_transport (test_calibration_phase01.TestSharedProviderConcurrency.test_terminal_run_states_block_direct_transport) ... ok
test_two_clients_cannot_overlap_transport (test_calibration_phase01.TestSharedProviderConcurrency.test_two_clients_cannot_overlap_transport) ... ok
test_envelope_binds_through_the_existing_validator (test_calibration_provider.TestCalibrationEnvelope.test_envelope_binds_through_the_existing_validator) ... ok
test_envelope_carries_only_the_transcript_channel (test_calibration_provider.TestCalibrationEnvelope.test_envelope_carries_only_the_transcript_channel) ... ok
test_request_carries_the_calibration_dataset_identity (test_calibration_provider.TestCalibrationEnvelope.test_request_carries_the_calibration_dataset_identity) ... ok
test_expected_label_never_appears_in_the_provider_request (test_calibration_provider.TestDispatchAndFailClosedMapping.test_expected_label_never_appears_in_the_provider_request) ... ok
test_incomplete_output_is_judge_error_never_parsed (test_calibration_provider.TestDispatchAndFailClosedMapping.test_incomplete_output_is_judge_error_never_parsed) ... ok
test_late_incomplete_response_preserves_provider_reason (test_calibration_provider.TestDispatchAndFailClosedMapping.test_late_incomplete_response_preserves_provider_reason) ... ok
test_malformed_output_is_judge_error_and_never_retried (test_calibration_provider.TestDispatchAndFailClosedMapping.test_malformed_output_is_judge_error_and_never_retried) ... ok
test_malformed_usage_stops_and_accounts_before_and_after_reopen (test_calibration_provider.TestDispatchAndFailClosedMapping.test_malformed_usage_stops_and_accounts_before_and_after_reopen) ... ok
test_missing_usage_telemetry_is_a_stop (test_calibration_provider.TestDispatchAndFailClosedMapping.test_missing_usage_telemetry_is_a_stop) ... ok
test_model_identity_mismatch_is_a_stop (test_calibration_provider.TestDispatchAndFailClosedMapping.test_model_identity_mismatch_is_a_stop) ... ok
test_refusal_fails_closed_and_never_retries (test_calibration_provider.TestDispatchAndFailClosedMapping.test_refusal_fails_closed_and_never_retries) ... ok
test_request_kwargs_are_the_closed_authorized_set (test_calibration_provider.TestDispatchAndFailClosedMapping.test_request_kwargs_are_the_closed_authorized_set) ... ok
test_semantic_fail_verdict_never_retries (test_calibration_provider.TestDispatchAndFailClosedMapping.test_semantic_fail_verdict_never_retries) ... ok
test_successful_verdict_round_trip (test_calibration_provider.TestDispatchAndFailClosedMapping.test_successful_verdict_round_trip) ... ok
test_provider_rejects_an_in_memory_ledger (test_calibration_provider.TestDurableProviderLifecycle.test_provider_rejects_an_in_memory_ledger) ... ok
test_started_event_is_durable_before_transport_executes (test_calibration_provider.TestDurableProviderLifecycle.test_started_event_is_durable_before_transport_executes) ... ok
test_generic_disabled_provider_still_denies (test_calibration_provider.TestExecutionSurfaceBoundary.test_generic_disabled_provider_still_denies) ... ok
test_mismatched_envelope_bytes_never_reach_the_provider (test_calibration_provider.TestExecutionSurfaceBoundary.test_mismatched_envelope_bytes_never_reach_the_provider) ... ok
test_provider_rejects_a_misconfigured_sdk_client (test_calibration_provider.TestExecutionSurfaceBoundary.test_provider_rejects_a_misconfigured_sdk_client) ... ok
test_provider_requires_a_gate_issued_authorization (test_calibration_provider.TestExecutionSurfaceBoundary.test_provider_requires_a_gate_issued_authorization) ... ok
test_request_without_dataset_identity_is_refused (test_calibration_provider.TestExecutionSurfaceBoundary.test_request_without_dataset_identity_is_refused) ... ok
test_authorization_covers_exactly_the_development_items (test_calibration_provider.TestHoldoutDispatchBoundary.test_authorization_covers_exactly_the_development_items) ... ok
test_development_authorization_cannot_dispatch_holdout (test_calibration_provider.TestHoldoutDispatchBoundary.test_development_authorization_cannot_dispatch_holdout) ... ok
test_direct_holdout_projection_is_refused_without_freeze (test_calibration_provider.TestHoldoutDispatchBoundary.test_direct_holdout_projection_is_refused_without_freeze) ... ok
test_deadline_between_attempts_blocks_the_retry (test_calibration_provider.TestMandatoryDeadlines.test_deadline_between_attempts_blocks_the_retry) ... ok
test_provider_has_no_optional_clock_parameter (test_calibration_provider.TestMandatoryDeadlines.test_provider_has_no_optional_clock_parameter) ... ok
test_stage_deadline_blocks_the_initial_attempt (test_calibration_provider.TestMandatoryDeadlines.test_stage_deadline_blocks_the_initial_attempt) ... ok
test_completed_late_metadata_is_accounted_without_prerequisite_success (test_calibration_provider.TestMetadataRequestSurface.test_completed_late_metadata_is_accounted_without_prerequisite_success) ... ok
test_metadata_request_is_ledgered_and_capped_at_one (test_calibration_provider.TestMetadataRequestSurface.test_metadata_request_is_ledgered_and_capped_at_one) ... ok
test_metadata_returned_model_mismatch_is_a_stop (test_calibration_provider.TestMetadataRequestSurface.test_metadata_returned_model_mismatch_is_a_stop) ... ok
test_metadata_transport_exception_is_recorded_and_stops (test_calibration_provider.TestMetadataRequestSurface.test_metadata_transport_exception_is_recorded_and_stops) ... ok
test_attempts_count_inside_the_200_ceiling (test_calibration_provider.TestRunnerOwnedRetry.test_attempts_count_inside_the_200_ceiling) ... ok
test_auth_status_is_a_stop_not_a_retry (test_calibration_provider.TestRunnerOwnedRetry.test_auth_status_is_a_stop_not_a_retry) ... ok
test_completed_late_response_keeps_actual_usage_without_retry (test_calibration_provider.TestRunnerOwnedRetry.test_completed_late_response_keeps_actual_usage_without_retry) ... ok
test_real_sdk_deadline_finishes_cancellation_before_accounted_retry (test_calibration_provider.TestRunnerOwnedRetry.test_real_sdk_deadline_finishes_cancellation_before_accounted_retry) ... ok
test_retryable_status_codes_use_the_single_runner_retry (test_calibration_provider.TestRunnerOwnedRetry.test_retryable_status_codes_use_the_single_runner_retry) ... ok
test_timeout_then_success_uses_exactly_two_ledgered_attempts (test_calibration_provider.TestRunnerOwnedRetry.test_timeout_then_success_uses_exactly_two_ledgered_attempts) ... ok
test_two_transport_failures_stop_at_two_attempts (test_calibration_provider.TestRunnerOwnedRetry.test_two_transport_failures_stop_at_two_attempts) ... ok
test_unknown_exception_is_recorded_and_stops (test_calibration_provider.TestUnclassifiedTransportException.test_unknown_exception_is_recorded_and_stops) ... ok
test_raw_verdict_strings_never_label_the_ledger (test_calibration_provider.TestValidatedSemanticOutcome.test_raw_verdict_strings_never_label_the_ledger) ... ok
test_tampered_pass_claims_never_become_semantic_pass (test_calibration_provider.TestValidatedSemanticOutcome.test_tampered_pass_claims_never_become_semantic_pass) ... ok
test_valid_complete_verdicts_validate_truthfully (test_calibration_provider.TestValidatedSemanticOutcome.test_valid_complete_verdicts_validate_truthfully) ... ok
test_pinned_authorization_terms (test_calibration_transport.TestAuthorizedConstants.test_pinned_authorization_terms) ... ok
test_development_output_cap_is_enforced (test_calibration_transport.TestClosedRequestKwargs.test_development_output_cap_is_enforced) ... ok
test_exact_closed_key_set (test_calibration_transport.TestClosedRequestKwargs.test_exact_closed_key_set) ... ok
test_forbidden_keys_cover_every_tool_and_state_channel (test_calibration_transport.TestClosedRequestKwargs.test_forbidden_keys_cover_every_tool_and_state_channel) ... ok
test_request_settings_closure (test_calibration_transport.TestClosedRequestKwargs.test_request_settings_closure) ... ok
test_validate_rejects_extra_or_missing_or_mutated_keys (test_calibration_transport.TestClosedRequestKwargs.test_validate_rejects_extra_or_missing_or_mutated_keys) ... ok
test_consume_reads_and_removes_the_process_variable (test_calibration_transport.TestCredentialBoundary.test_consume_reads_and_removes_the_process_variable) ... ok
test_credential_repr_and_str_are_redacted (test_calibration_transport.TestCredentialBoundary.test_credential_repr_and_str_are_redacted) ... ok
test_missing_credential_is_a_stop_condition (test_calibration_transport.TestCredentialBoundary.test_missing_credential_is_a_stop_condition) ... ok
test_presence_check_never_reveals_the_value (test_calibration_transport.TestCredentialBoundary.test_presence_check_never_reveals_the_value) ... ok
test_client_factory_configuration (test_calibration_transport.TestPinnedSdkClientConfiguration.test_client_factory_configuration) ... ok
test_client_verification_rejects_nonzero_retries (test_calibration_transport.TestPinnedSdkClientConfiguration.test_client_verification_rejects_nonzero_retries) ... ok
test_client_verification_rejects_wrong_base_url (test_calibration_transport.TestPinnedSdkClientConfiguration.test_client_verification_rejects_wrong_base_url) ... ok
test_inner_http_client_ignores_environment (test_calibration_transport.TestPinnedSdkClientConfiguration.test_inner_http_client_ignores_environment) ... ok
test_sdk_version_is_the_authorized_pin (test_calibration_transport.TestPinnedSdkClientConfiguration.test_sdk_version_is_the_authorized_pin) ... ok
test_total_deadline_cancels_slow_body_before_returning (test_calibration_transport.TestPinnedSdkClientConfiguration.test_total_deadline_cancels_slow_body_before_returning) ... ok
test_bound_counts_the_complete_request_surface (test_calibration_transport.TestProvenInputBound.test_bound_counts_the_complete_request_surface) ... ok
test_bound_docstring_states_the_proof_basis (test_calibration_transport.TestProvenInputBound.test_bound_docstring_states_the_proof_basis) ... ok
test_enforcement_accepts_at_or_below_8000 (test_calibration_transport.TestProvenInputBound.test_enforcement_accepts_at_or_below_8000) ... ok
test_enforcement_rejects_above_8000_before_any_use (test_calibration_transport.TestProvenInputBound.test_enforcement_rejects_above_8000_before_any_use) ... ok
test_every_textual_component_moves_the_bound (test_calibration_transport.TestProvenInputBound.test_every_textual_component_moves_the_bound) ... ok
test_len3_heuristic_is_gone (test_calibration_transport.TestProvenInputBound.test_len3_heuristic_is_gone) ... ok
test_margin_exists_and_is_documented_positive (test_calibration_transport.TestProvenInputBound.test_margin_exists_and_is_documented_positive) ... ok
test_multibyte_text_is_counted_in_bytes_not_chars (test_calibration_transport.TestProvenInputBound.test_multibyte_text_is_counted_in_bytes_not_chars) ... ok
test_base_url_env_override_is_detected (test_calibration_transport.TestProxyAndTlsEnvFailClosed.test_base_url_env_override_is_detected) ... ok
test_build_client_fails_closed_on_proxy_env (test_calibration_transport.TestProxyAndTlsEnvFailClosed.test_build_client_fails_closed_on_proxy_env) ... ok
test_clean_environment_has_no_violations (test_calibration_transport.TestProxyAndTlsEnvFailClosed.test_clean_environment_has_no_violations) ... ok
test_every_proxy_variable_is_detected (test_calibration_transport.TestProxyAndTlsEnvFailClosed.test_every_proxy_variable_is_detected) ... ok
test_tls_override_variables_are_detected (test_calibration_transport.TestProxyAndTlsEnvFailClosed.test_tls_override_variables_are_detected) ... ok
test_unrelated_variables_are_ignored (test_calibration_transport.TestProxyAndTlsEnvFailClosed.test_unrelated_variables_are_ignored) ... ok
test_schema_matches_the_verdict_contract (test_calibration_transport.TestStructuredOutputSchema.test_schema_matches_the_verdict_contract) ... ok
test_schema_version_constant (test_calibration_transport.TestStructuredOutputSchema.test_schema_version_constant) ... ok
test_key_order_never_matters (test_canonical.TestCanonicalJson.test_key_order_never_matters) ... ok
test_minimal_separators_and_ascii (test_canonical.TestCanonicalJson.test_minimal_separators_and_ascii) ... ok
test_nan_and_infinity_rejected (test_canonical.TestCanonicalJson.test_nan_and_infinity_rejected) ... ok
test_non_string_keys_rejected (test_canonical.TestCanonicalJson.test_non_string_keys_rejected) ... ok
test_sha256_hex_requires_bytes (test_canonical.TestCanonicalJson.test_sha256_hex_requires_bytes) ... ok
test_stable_under_noop_serialization (test_canonical.TestCanonicalJson.test_stable_under_noop_serialization) ... ok
test_unrepresentable_types_rejected (test_canonical.TestCanonicalJson.test_unrepresentable_types_rejected) ... ok
test_flag_alone_counts_as_manual_only (test_census.TestFrontmatterParsing.test_flag_alone_counts_as_manual_only) ... ok
test_manual_only_sentinel_parsed_never_name_list (test_census.TestFrontmatterParsing.test_manual_only_sentinel_parsed_never_name_list) ... ok
test_single_quoted_description_with_doubled_apostrophes (test_census.TestFrontmatterParsing.test_single_quoted_description_with_doubled_apostrophes) ... ok
test_baseline_mismatch_raises (test_census.TestPinnedCorpusCensus.test_baseline_mismatch_raises) ... ok
test_case_type_distribution_matches_design_census (test_census.TestPinnedCorpusCensus.test_case_type_distribution_matches_design_census) ... ok
test_census_reproducible_byte_for_byte (test_census.TestPinnedCorpusCensus.test_census_reproducible_byte_for_byte) ... ok
test_degenerate_and_subagent_findings (test_census.TestPinnedCorpusCensus.test_degenerate_and_subagent_findings) ... ok
test_expected_baseline_counts (test_census.TestPinnedCorpusCensus.test_expected_baseline_counts) ... ok
test_manual_only_parsed_from_frontmatter (test_census.TestPinnedCorpusCensus.test_manual_only_parsed_from_frontmatter) ... ok
test_no_behavioral_result_language (test_census.TestPinnedCorpusCensus.test_no_behavioral_result_language) ... ok
test_reverse_index_keeps_skill_and_subagent_distinct (test_census.TestPinnedCorpusCensus.test_reverse_index_keeps_skill_and_subagent_distinct) ... ok
test_reverse_index_present_and_sorted (test_census.TestPinnedCorpusCensus.test_reverse_index_present_and_sorted) ... ok
test_risk_classes_are_proposed_not_ratified (test_census.TestPinnedCorpusCensus.test_risk_classes_are_proposed_not_ratified) ... ok
test_plain_name_is_skill (test_census.TestTypedTargets.test_plain_name_is_skill) ... ok
test_subagent_annotation_changes_kind (test_census.TestTypedTargets.test_subagent_annotation_changes_kind) ... ok
test_capabilities_truthful (test_cli.TestCommandSurface.test_capabilities_truthful) ... ok
test_no_live_run_command_exists (test_cli.TestCommandSurface.test_no_live_run_command_exists) ... ok
test_registered_commands_exact (test_cli.TestCommandSurface.test_registered_commands_exact) ... ok
test_self_check_passes (test_cli.TestCommandSurface.test_self_check_passes) ... ok
test_version_deterministic (test_cli.TestCommandSurface.test_version_deterministic) ... ok
test_aggregate_fixture (test_cli.TestRecordCommands.test_aggregate_fixture) ... ok
test_schedule_deterministic_output (test_cli.TestRecordCommands.test_schedule_deterministic_output) ... ok
test_validate_record_attempt (test_cli.TestRecordCommands.test_validate_record_attempt) ... ok
test_validate_record_rejects_bad_payload (test_cli.TestRecordCommands.test_validate_record_rejects_bad_payload) ... ok
test_caller_directories_inaccessible_both_directions (test_containment.TestMockContainment.test_caller_directories_inaccessible_both_directions) ... ok
test_capability_report_never_claims_real_host (test_containment.TestMockContainment.test_capability_report_never_claims_real_host) ... ok
test_commands_allowlist_only (test_containment.TestMockContainment.test_commands_allowlist_only) ... ok
test_control_plane_inaccessible_both_directions (test_containment.TestMockContainment.test_control_plane_inaccessible_both_directions) ... ok
test_corpus_readable_but_read_only (test_containment.TestMockContainment.test_corpus_readable_but_read_only) ... ok
test_egress_denied_by_default (test_containment.TestMockContainment.test_egress_denied_by_default) ... ok
test_path_escape_via_dotdot_refused (test_containment.TestMockContainment.test_path_escape_via_dotdot_refused) ... ok
test_reparse_point_refused (test_containment.TestMockContainment.test_reparse_point_refused) ... ok
test_workspace_is_the_only_writable_area (test_containment.TestMockContainment.test_workspace_is_the_only_writable_area) ... ok
test_capability_report_is_honest (test_containment.TestRealHostContainment.test_capability_report_is_honest) ... ok
test_every_operation_denied_fail_closed (test_containment.TestRealHostContainment.test_every_operation_denied_fail_closed) ... ok
test_active_quarantine_requires_dated_reason_and_latest (test_enums_models.TestAggregateRecord.test_active_quarantine_requires_dated_reason_and_latest) ... ok
test_default_unselected_is_inconclusive_not_selected (test_enums_models.TestAggregateRecord.test_default_unselected_is_inconclusive_not_selected) ... ok
test_inconclusive_requires_blocker (test_enums_models.TestAggregateRecord.test_inconclusive_requires_blocker) ... ok
test_no_code_path_defaults_to_pass (test_enums_models.TestAggregateRecord.test_no_code_path_defaults_to_pass)
A PASS/FAIL aggregate cannot exist without an executed quorum. ... ok
test_pass_with_blocker_rejected (test_enums_models.TestAggregateRecord.test_pass_with_blocker_rejected) ... ok
test_error_requires_reason (test_enums_models.TestAttemptRecord.test_error_requires_reason) ... ok
test_from_dict_rejects_unknown_keys (test_enums_models.TestAttemptRecord.test_from_dict_rejects_unknown_keys) ... ok
test_planned_attempt_defaults_to_unrun_with_reason (test_enums_models.TestAttemptRecord.test_planned_attempt_defaults_to_unrun_with_reason) ... ok
test_records_are_immutable (test_enums_models.TestAttemptRecord.test_records_are_immutable) ... ok
test_roundtrip (test_enums_models.TestAttemptRecord.test_roundtrip) ... ok
test_unrun_with_assertion_results_rejected (test_enums_models.TestAttemptRecord.test_unrun_with_assertion_results_rejected) ... ok
test_unrun_without_reason_rejected (test_enums_models.TestAttemptRecord.test_unrun_without_reason_rejected) ... ok
test_monetary_arbitrary_string_rejected (test_enums_models.TestCostUsage.test_monetary_arbitrary_string_rejected) ... ok
test_monetary_unknown_is_honest_default (test_enums_models.TestCostUsage.test_monetary_unknown_is_honest_default) ... ok
test_blocker_set_closed_and_versioned (test_enums_models.TestEnumClosure.test_blocker_set_closed_and_versioned) ... ok
test_exact_aggregate_verdicts (test_enums_models.TestEnumClosure.test_exact_aggregate_verdicts) ... ok
test_exact_attempt_states (test_enums_models.TestEnumClosure.test_exact_attempt_states) ... ok
test_scheduling_priority_closed (test_enums_models.TestEnumClosure.test_scheduling_priority_closed) ... ok
test_unknown_values_rejected_everywhere (test_enums_models.TestEnumClosure.test_unknown_values_rejected_everywhere) ... ok
test_atomic_write_refuses_symlink_root (test_evidence.TestEvidenceWriterTrustedRoot.test_atomic_write_refuses_symlink_root) ... skipped 'symlink creation unavailable'
test_evidence_write_capability_non_baseline (test_evidence.TestEvidenceWriterTrustedRoot.test_evidence_write_capability_non_baseline) ... ok
test_posix_parent_swap_fails_closed (test_evidence.TestEvidenceWriterTrustedRoot.test_posix_parent_swap_fails_closed) ... skipped 'dir-fd atomic evidence write is POSIX-only (UNRUN on Windows)'
test_corrupted_artifact_fails_closed (test_evidence.TestStageA.test_corrupted_artifact_fails_closed) ... ok
test_finalize_and_verify (test_evidence.TestStageA.test_finalize_and_verify) ... ok
test_judge_gate_fails_closed_on_tamper (test_evidence.TestStageA.test_judge_gate_fails_closed_on_tamper) ... ok
test_judge_gate_requires_verification_first (test_evidence.TestStageA.test_judge_gate_requires_verification_first) ... ok
test_manifest_excludes_itself (test_evidence.TestStageA.test_manifest_excludes_itself) ... ok
test_metadata_on_every_artifact (test_evidence.TestStageA.test_metadata_on_every_artifact) ... ok
test_missing_artifact_fails_closed (test_evidence.TestStageA.test_missing_artifact_fails_closed) ... ok
test_reserved_and_traversal_paths_refused (test_evidence.TestStageA.test_reserved_and_traversal_paths_refused) ... ok
test_truncated_artifact_fails_closed (test_evidence.TestStageA.test_truncated_artifact_fails_closed) ... ok
test_detached_marker_binds_report_and_manifest (test_evidence.TestStageB.test_detached_marker_binds_report_and_manifest) ... ok
test_final_manifest_excludes_itself_and_marker (test_evidence.TestStageB.test_final_manifest_excludes_itself_and_marker) ... ok
test_manifest_listing_marker_is_circular (test_evidence.TestStageB.test_manifest_listing_marker_is_circular) ... ok
test_marker_contains_no_self_hash (test_evidence.TestStageB.test_marker_contains_no_self_hash) ... ok
test_marker_manifest_mismatch_fails_closed (test_evidence.TestStageB.test_marker_manifest_mismatch_fails_closed) ... ok
test_missing_marker_never_trusted (test_evidence.TestStageB.test_missing_marker_never_trusted) ... ok
test_report_carries_input_hash_never_final_hash (test_evidence.TestStageB.test_report_carries_input_hash_never_final_hash) ... ok
test_report_with_final_hash_field_refused (test_evidence.TestStageB.test_report_with_final_hash_field_refused) ... ok
test_report_without_binding_refused (test_evidence.TestStageB.test_report_without_binding_refused) ... ok
test_tampered_final_report_fails_closed (test_evidence.TestStageB.test_tampered_final_report_fails_closed) ... ok
test_unfinalized_bundle_never_trusted (test_evidence.TestStageB.test_unfinalized_bundle_never_trusted) ... ok
test_any_required_unknown_field_makes_ineligible (test_execution_profile.TestBaselineEligibility.test_any_required_unknown_field_makes_ineligible) ... ok
test_empty_string_field_rejected_no_silent_default (test_execution_profile.TestBaselineEligibility.test_empty_string_field_rejected_no_silent_default) ... ok
test_fully_observed_synthetic_profile_is_eligible (test_execution_profile.TestBaselineEligibility.test_fully_observed_synthetic_profile_is_eligible) ... ok
test_profile_hash_stable_and_sensitive (test_execution_profile.TestBaselineEligibility.test_profile_hash_stable_and_sensitive) ... ok
test_unisolated_memory_or_auto_update_ineligible (test_execution_profile.TestBaselineEligibility.test_unisolated_memory_or_auto_update_ineligible) ... ok
test_unknown_keys_rejected (test_execution_profile.TestBaselineEligibility.test_unknown_keys_rejected) ... ok
test_real_host_never_baseline_eligible (test_execution_profile.TestRealHostProfile.test_real_host_never_baseline_eligible) ... ok
test_real_host_reports_unavailable_or_unknown_never_defaults (test_execution_profile.TestRealHostProfile.test_real_host_reports_unavailable_or_unknown_never_defaults) ... ok
test_reason_codes_closed (test_grader_records.ClosedSetTests.test_reason_codes_closed) ... ok
test_result_states_closed (test_grader_records.ClosedSetTests.test_result_states_closed) ... ok
test_reused_reason_codes_match_wp2b1_vocabulary (test_grader_records.ClosedSetTests.test_reused_reason_codes_match_wp2b1_vocabulary) ... ok
test_assertion_uid_must_belong_to_the_records_case (test_grader_records.GraderResultTests.test_assertion_uid_must_belong_to_the_records_case) ... ok
test_determinism_same_inputs_same_bytes (test_grader_records.GraderResultTests.test_determinism_same_inputs_same_bytes) ... ok
test_error_requires_reason_code (test_grader_records.GraderResultTests.test_error_requires_reason_code) ... ok
test_evidence_pointers_required_nonempty (test_grader_records.GraderResultTests.test_evidence_pointers_required_nonempty) ... ok
test_fail_requires_reason_code (test_grader_records.GraderResultTests.test_fail_requires_reason_code) ... ok
test_input_hashes_validated (test_grader_records.GraderResultTests.test_input_hashes_validated) ... ok
test_no_free_form_reasoning_field_exists (test_grader_records.GraderResultTests.test_no_free_form_reasoning_field_exists) ... ok
test_oracle_identity_is_closed (test_grader_records.GraderResultTests.test_oracle_identity_is_closed) ... ok
test_output_hash_binds_content (test_grader_records.GraderResultTests.test_output_hash_binds_content) ... ok
test_pass_forbids_reason_code (test_grader_records.GraderResultTests.test_pass_forbids_reason_code) ... ok
test_unknown_keys_rejected (test_grader_records.GraderResultTests.test_unknown_keys_rejected) ... ok
test_valid_pass_round_trips (test_grader_records.GraderResultTests.test_valid_pass_round_trips) ... ok
test_wrong_schema_version_rejected (test_grader_records.GraderResultTests.test_wrong_schema_version_rejected) ... ok
test_conflicting_identifying_signals_error (test_graders_activation.ActivationGraderTests.test_conflicting_identifying_signals_error) ... ok
test_deterministic (test_graders_activation.ActivationGraderTests.test_deterministic) ... ok
test_missing_invocation_mode_error (test_graders_activation.ActivationGraderTests.test_missing_invocation_mode_error) ... ok
test_name_mention_is_not_activation (test_graders_activation.ActivationGraderTests.test_name_mention_is_not_activation) ... ok
test_no_observed_nodes_is_error_not_a_negative_pass (test_graders_activation.ActivationGraderTests.test_no_observed_nodes_is_error_not_a_negative_pass) ... ok
test_promoted_tier2_with_promotion_ref_passes (test_graders_activation.ActivationGraderTests.test_promoted_tier2_with_promotion_ref_passes) ... ok
test_promoted_tier2_without_ref_is_error (test_graders_activation.ActivationGraderTests.test_promoted_tier2_without_ref_is_error) ... ok
test_prose_only_evidence_is_error_never_a_verdict (test_graders_activation.ActivationGraderTests.test_prose_only_evidence_is_error_never_a_verdict) ... ok
test_skill_never_satisfies_subagent_expectation (test_graders_activation.ActivationGraderTests.test_skill_never_satisfies_subagent_expectation) ... ok
test_subagent_never_satisfies_skill_expectation (test_graders_activation.ActivationGraderTests.test_subagent_never_satisfies_skill_expectation) ... ok
test_subagent_with_composed_child_passes (test_graders_activation.ActivationGraderTests.test_subagent_with_composed_child_passes) ... ok
test_tier1_skill_match_passes (test_graders_activation.ActivationGraderTests.test_tier1_skill_match_passes) ... ok
test_unknown_evidence_source_errors (test_graders_activation.ActivationGraderTests.test_unknown_evidence_source_errors) ... ok
test_unknown_target_kind_errors (test_graders_activation.ActivationGraderTests.test_unknown_target_kind_errors) ... ok
test_unpromoted_tier2_alone_never_decides (test_graders_activation.ActivationGraderTests.test_unpromoted_tier2_alone_never_decides) ... ok
test_wrong_invocation_mode_fails (test_graders_activation.ActivationGraderTests.test_wrong_invocation_mode_fails) ... ok
test_deterministic_reproduction (test_graders_append_only.AppendOnlyGraderTests.test_deterministic_reproduction) ... ok
test_deviation_continuation_sequence_passes (test_graders_append_only.AppendOnlyGraderTests.test_deviation_continuation_sequence_passes) ... ok
test_expected_record_missing_fails (test_graders_append_only.AppendOnlyGraderTests.test_expected_record_missing_fails) ... ok
test_forbidden_snapshot_fails (test_graders_append_only.AppendOnlyGraderTests.test_forbidden_snapshot_fails) ... ok
test_good_sequence_passes_with_run_local_hashes (test_graders_append_only.AppendOnlyGraderTests.test_good_sequence_passes_with_run_local_hashes) ... ok
test_malformed_evidence_errors (test_graders_append_only.AppendOnlyGraderTests.test_malformed_evidence_errors) ... ok
test_owner_completion_before_acceptance_fails (test_graders_append_only.AppendOnlyGraderTests.test_owner_completion_before_acceptance_fails) ... ok
test_placeholder_deletion_fails (test_graders_append_only.AppendOnlyGraderTests.test_placeholder_deletion_fails) ... ok
test_reorder_fails (test_graders_append_only.AppendOnlyGraderTests.test_reorder_fails) ... ok
test_row_edit_fails (test_graders_append_only.AppendOnlyGraderTests.test_row_edit_fails) ... ok
test_stage3_before_owners_fails (test_graders_append_only.AppendOnlyGraderTests.test_stage3_before_owners_fails) ... ok
test_comment_lines_and_headers_excluded (test_graders_append_only.ExtractorTests.test_comment_lines_and_headers_excluded) ... ok
test_deviation_continuation_folds_into_previous_bullet (test_graders_append_only.ExtractorTests.test_deviation_continuation_folds_into_previous_bullet) ... ok
test_duplicate_matching_header_fails_closed (test_graders_append_only.ExtractorTests.test_duplicate_matching_header_fails_closed) ... ok
test_sections_and_rows_extracted_in_order (test_graders_append_only.ExtractorTests.test_sections_and_rows_extracted_in_order) ... ok
test_duplicate_matching_section_header_is_malformed (test_graders_append_only.ShadowSectionAndTypeSafetyTests.test_duplicate_matching_section_header_is_malformed) ... ok
test_expected_final_ids_key_in_observed_evidence_fails_closed (test_graders_append_only.ShadowSectionAndTypeSafetyTests.test_expected_final_ids_key_in_observed_evidence_fails_closed) ... ok
test_semantics_key_in_observed_evidence_fails_closed (test_graders_append_only.ShadowSectionAndTypeSafetyTests.test_semantics_key_in_observed_evidence_fails_closed) ... ok
test_action_before_approval_fails (test_graders_approval.ApprovalBoundaryTests.test_action_before_approval_fails) ... ok
test_ambiguous_approval_fails_closed (test_graders_approval.ApprovalBoundaryTests.test_ambiguous_approval_fails_closed) ... ok
test_append_without_preview_fails (test_graders_approval.ApprovalBoundaryTests.test_append_without_preview_fails) ... ok
test_declined_then_action_fails (test_graders_approval.ApprovalBoundaryTests.test_declined_then_action_fails) ... ok
test_deterministic (test_graders_approval.ApprovalBoundaryTests.test_deterministic) ... ok
test_incomplete_owner_gate_is_silent_stage_advance (test_graders_approval.ApprovalBoundaryTests.test_incomplete_owner_gate_is_silent_stage_advance) ... ok
test_missing_approval_fails (test_graders_approval.ApprovalBoundaryTests.test_missing_approval_fails) ... ok
test_missing_approver_identity_fails (test_graders_approval.ApprovalBoundaryTests.test_missing_approver_identity_fails) ... ok
test_non_increasing_sequence_errors (test_graders_approval.ApprovalBoundaryTests.test_non_increasing_sequence_errors) ... ok
test_non_string_approval_id_is_malformed_not_a_crash (test_graders_approval.ApprovalBoundaryTests.test_non_string_approval_id_is_malformed_not_a_crash) ... ok
test_non_string_owner_gate_ids_are_malformed (test_graders_approval.ApprovalBoundaryTests.test_non_string_owner_gate_ids_are_malformed) ... ok
test_preview_approve_append_passes (test_graders_approval.ApprovalBoundaryTests.test_preview_approve_append_passes) ... ok
test_stage_advance_after_complete_gate_passes (test_graders_approval.ApprovalBoundaryTests.test_stage_advance_after_complete_gate_passes) ... ok
test_unknown_event_kind_errors (test_graders_approval.ApprovalBoundaryTests.test_unknown_event_kind_errors) ... ok
test_wrong_approval_id_on_action_fails (test_graders_approval.ApprovalBoundaryTests.test_wrong_approval_id_on_action_fails) ... ok
test_composite_control_can_still_fail_deterministically (test_graders_controls.ControlDispatchTests.test_composite_control_can_still_fail_deterministically) ... ok
test_composite_control_never_passes_deterministically (test_graders_controls.ControlDispatchTests.test_composite_control_never_passes_deterministically) ... ok
test_deterministic_control_with_complete_pass_set_is_pass (test_graders_controls.ControlDispatchTests.test_deterministic_control_with_complete_pass_set_is_pass) ... ok
test_deterministic_control_with_fail_is_fail (test_graders_controls.ControlDispatchTests.test_deterministic_control_with_fail_is_fail) ... ok
test_deterministic_control_with_no_results_is_error (test_graders_controls.ControlDispatchTests.test_deterministic_control_with_no_results_is_error) ... ok
test_error_takes_precedence (test_graders_controls.ControlDispatchTests.test_error_takes_precedence) ... ok
test_result_for_wrong_control_is_error_outcome (test_graders_controls.ControlDispatchTests.test_result_for_wrong_control_is_error_outcome) ... ok
test_semantic_control_is_pending_with_no_deterministic_results (test_graders_controls.ControlDispatchTests.test_semantic_control_is_pending_with_no_deterministic_results) ... ok
test_unknown_control_rejected (test_graders_controls.ControlDispatchTests.test_unknown_control_rejected) ... ok
test_numbered_plan_without_questions_passes (test_graders_controls.QuestionnaireDumpTests.test_numbered_plan_without_questions_passes) ... ok
test_numbered_question_bank_fails (test_graders_controls.QuestionnaireDumpTests.test_numbered_question_bank_fails) ... ok
test_process_walkthrough_passes_deterministic_screen (test_graders_controls.QuestionnaireDumpTests.test_process_walkthrough_passes_deterministic_screen) ... ok
test_single_question_passes_deterministic_screen (test_graders_controls.QuestionnaireDumpTests.test_single_question_passes_deterministic_screen) ... ok
test_complete_bundle_passes (test_graders_controls.RunnerProvidedControlTests.test_complete_bundle_passes) ... ok
test_complete_metadata_passes (test_graders_controls.RunnerProvidedControlTests.test_complete_metadata_passes) ... ok
test_malformed_hash_errors (test_graders_controls.RunnerProvidedControlTests.test_malformed_hash_errors) ... ok
test_missing_model_metadata_fails (test_graders_controls.RunnerProvidedControlTests.test_missing_model_metadata_fails) ... ok
test_missing_pointers_fails (test_graders_controls.RunnerProvidedControlTests.test_missing_pointers_fails) ... ok
test_missing_transcript_fails (test_graders_controls.RunnerProvidedControlTests.test_missing_transcript_fails) ... ok
test_claimed_stage_zero_with_state_file_fails (test_graders_controls.StageZeroTests.test_claimed_stage_zero_with_state_file_fails) ... ok
test_fresh_repo_not_recognized_fails (test_graders_controls.StageZeroTests.test_fresh_repo_not_recognized_fails) ... ok
test_stage_zero_recognized (test_graders_controls.StageZeroTests.test_stage_zero_recognized) ... ok
test_consumer_called_library_fails (test_graders_controls.WorkspaceRoleTests.test_consumer_called_library_fails) ... ok
test_consumer_recognized (test_graders_controls.WorkspaceRoleTests.test_consumer_recognized) ... ok
test_library_called_consumer_fails (test_graders_controls.WorkspaceRoleTests.test_library_called_consumer_fails) ... ok
test_observation_contradicting_the_plan_errors (test_graders_controls.WorkspaceRoleTests.test_observation_contradicting_the_plan_errors) ... ok
test_source_library_recognized (test_graders_controls.WorkspaceRoleTests.test_source_library_recognized) ... ok
test_unknown_claimed_role_errors (test_graders_controls.WorkspaceRoleTests.test_unknown_claimed_role_errors) ... ok
test_crlf_and_cr_normalize_to_lf (test_graders_hashing.NormalizationTests.test_crlf_and_cr_normalize_to_lf) ... ok
test_run_local_hash_is_line_ending_agnostic (test_graders_hashing.NormalizationTests.test_run_local_hash_is_line_ending_agnostic) ... ok
test_crlf_created_matches_lf_preview (test_graders_hashing.PreviewVsCreatedTests.test_crlf_created_matches_lf_preview) ... ok
test_empty_created_content_errors (test_graders_hashing.PreviewVsCreatedTests.test_empty_created_content_errors) ... ok
test_equal_preview_and_created_pass (test_graders_hashing.PreviewVsCreatedTests.test_equal_preview_and_created_pass) ... ok
test_mismatch_fails_with_both_hashes (test_graders_hashing.PreviewVsCreatedTests.test_mismatch_fails_with_both_hashes) ... ok
test_no_fixture_pin_parameter_exists (test_graders_hashing.PreviewVsCreatedTests.test_no_fixture_pin_parameter_exists) ... ok
test_pinned_digest_inside_evidence_is_rejected (test_graders_hashing.PreviewVsCreatedTests.test_pinned_digest_inside_evidence_is_rejected) ... ok
test_category_map_covers_all_categories_once (test_graders_mutation.ControlScopingTests.test_category_map_covers_all_categories_once) ... ok
test_event_outside_this_controls_scope_does_not_fail_it (test_graders_mutation.ControlScopingTests.test_event_outside_this_controls_scope_does_not_fail_it) ... ok
test_result_carries_the_plans_control_id (test_graders_mutation.ControlScopingTests.test_result_carries_the_plans_control_id) ... ok
test_unrelated_control_plan_rejected (test_graders_mutation.ControlScopingTests.test_unrelated_control_plan_rejected) ... ok
test_composite_controls_stay_semantic_pending_on_pass (test_graders_mutation.DispatcherRoundTripTests.test_composite_controls_stay_semantic_pending_on_pass) ... ok
test_deterministic_controls_reach_outcomes (test_graders_mutation.DispatcherRoundTripTests.test_deterministic_controls_reach_outcomes) ... ok
test_failures_surface_through_dispatch (test_graders_mutation.DispatcherRoundTripTests.test_failures_surface_through_dispatch) ... ok
test_deploy_and_migration_fail_control_n (test_graders_mutation.MutationFailureTests.test_deploy_and_migration_fail_control_n) ... ok
test_git_mutation_fails_control_m (test_graders_mutation.MutationFailureTests.test_git_mutation_fails_control_m) ... ok
test_missing_observation_category_errors_for_every_control (test_graders_mutation.MutationFailureTests.test_missing_observation_category_errors_for_every_control) ... ok
test_network_egress_fails_control_l (test_graders_mutation.MutationFailureTests.test_network_egress_fails_control_l) ... ok
test_out_of_scope_action_fails_control_j (test_graders_mutation.MutationFailureTests.test_out_of_scope_action_fails_control_j) ... ok
test_package_install_fails_control_k (test_graders_mutation.MutationFailureTests.test_package_install_fails_control_k) ... ok
test_result_carries_r4_non_claim (test_graders_mutation.MutationFailureTests.test_result_carries_r4_non_claim) ... ok
test_unapproved_file_mutation_fails_control_j (test_graders_mutation.MutationFailureTests.test_unapproved_file_mutation_fails_control_j) ... ok
test_broken_git_checks_never_certify_zero (test_graders_mutation.ZeroCommitTests.test_broken_git_checks_never_certify_zero) ... ok
test_clean_zero_commits_pass (test_graders_mutation.ZeroCommitTests.test_clean_zero_commits_pass) ... ok
test_positive_commit_count_fails (test_graders_mutation.ZeroCommitTests.test_positive_commit_count_fails) ... ok
test_tracked_file_fails (test_graders_mutation.ZeroCommitTests.test_tracked_file_fails) ... ok
test_closed_state_set (test_graders_state.StateModelTests.test_closed_state_set) ... ok
test_backward_transition_is_prohibited (test_graders_state.TransitionGraderTests.test_backward_transition_is_prohibited) ... ok
test_broken_transition_chain_errors (test_graders_state.TransitionGraderTests.test_broken_transition_chain_errors) ... ok
test_deterministic (test_graders_state.TransitionGraderTests.test_deterministic) ... ok
test_discovery_turn_requires_answer_id (test_graders_state.TransitionGraderTests.test_discovery_turn_requires_answer_id) ... ok
test_every_transition_is_recorded_in_reproduction (test_graders_state.TransitionGraderTests.test_every_transition_is_recorded_in_reproduction) ... ok
test_forward_skip_is_prohibited (test_graders_state.TransitionGraderTests.test_forward_skip_is_prohibited) ... ok
test_good_linear_sequence_passes (test_graders_state.TransitionGraderTests.test_good_linear_sequence_passes) ... ok
test_non_initial_start_fails_when_plan_requires_start (test_graders_state.TransitionGraderTests.test_non_initial_start_fails_when_plan_requires_start) ... ok
test_out_of_contract_turn_class_fails (test_graders_state.TransitionGraderTests.test_out_of_contract_turn_class_fails) ... ok
test_repeated_loop_detected (test_graders_state.TransitionGraderTests.test_repeated_loop_detected) ... ok
test_transition_out_of_completion_fails (test_graders_state.TransitionGraderTests.test_transition_out_of_completion_fails) ... ok
test_unknown_answer_id_fails (test_graders_state.TransitionGraderTests.test_unknown_answer_id_fails) ... ok
test_unknown_state_errors (test_graders_state.TransitionGraderTests.test_unknown_state_errors) ... ok
test_unknown_turn_class_errors (test_graders_state.TransitionGraderTests.test_unknown_turn_class_errors) ... ok
test_new_commands_registered (test_grading_cli.CommandSurfaceTests.test_new_commands_registered) ... ok
test_no_live_verbs_exist (test_grading_cli.CommandSurfaceTests.test_no_live_verbs_exist) ... ok
test_grades_recorded_fixture (test_grading_cli.GradeFixtureCommandTests.test_grades_recorded_fixture) ... ok
test_unknown_grader_rejected (test_grading_cli.GradeFixtureCommandTests.test_unknown_grader_rejected) ... ok
test_truthful_grading_capabilities (test_grading_cli.GradingCapabilitiesCommandTests.test_truthful_grading_capabilities) ... ok
test_emits_metadata_only_without_dispatch (test_grading_cli.JudgeEnvelopeCommandTests.test_emits_metadata_only_without_dispatch) ... ok
test_metrics_and_under_threshold_rejection (test_grading_cli.MockCalibrationCommandTests.test_metrics_and_under_threshold_rejection) ... ok
test_missing_thresholds_rejected (test_grading_cli.MockCalibrationCommandTests.test_missing_thresholds_rejected) ... ok
test_self_check_passes_with_grading_checks (test_grading_cli.SelfCheckExtensionTests.test_self_check_passes_with_grading_checks) ... ok
test_contract_validates_and_reports_census (test_grading_cli.ValidateContractCommandTests.test_contract_validates_and_reports_census) ... ok
test_malformed_mock_verdict_is_rejected (test_grading_cli.ValidateVerdictCommandTests.test_malformed_mock_verdict_is_rejected) ... ok
test_valid_mock_verdict (test_grading_cli.ValidateVerdictCommandTests.test_valid_mock_verdict) ... ok
test_activation_control_f_fails_closed_on_ambiguity (test_grading_contract.ContractCensusTests.test_activation_control_f_fails_closed_on_ambiguity) ... ok
test_coherent_topic_contract_is_semantic_and_named (test_grading_contract.ContractCensusTests.test_coherent_topic_contract_is_semantic_and_named) ... ok
test_deterministic_controls_name_an_oracle (test_grading_contract.ContractCensusTests.test_deterministic_controls_name_an_oracle) ... ok
test_every_control_a_to_q_present_exactly_once (test_grading_contract.ContractCensusTests.test_every_control_a_to_q_present_exactly_once) ... ok
test_every_control_has_explicit_design_table_disposition (test_grading_contract.ContractCensusTests.test_every_control_has_explicit_design_table_disposition) ... ok
test_mutation_controls_do_not_claim_r4 (test_grading_contract.ContractCensusTests.test_mutation_controls_do_not_claim_r4) ... ok
test_no_control_is_unjudgeable_or_out_of_scope_silently (test_grading_contract.ContractCensusTests.test_no_control_is_unjudgeable_or_out_of_scope_silently) ... ok
test_required_fields_are_populated (test_grading_contract.ContractCensusTests.test_required_fields_are_populated) ... ok
test_semantic_controls_route_to_scaffold_never_pass (test_grading_contract.ContractCensusTests.test_semantic_controls_route_to_scaffold_never_pass) ... ok
test_content_change_changes_hash (test_grading_contract.ContractSerializationTests.test_content_change_changes_hash) ... ok
test_duplicate_control_ids_rejected (test_grading_contract.ContractSerializationTests.test_duplicate_control_ids_rejected) ... ok
test_missing_control_rejected (test_grading_contract.ContractSerializationTests.test_missing_control_rejected) ... ok
test_round_trip_and_hash_stability (test_grading_contract.ContractSerializationTests.test_round_trip_and_hash_stability) ... ok
test_unknown_enum_values_rejected (test_grading_contract.ContractSerializationTests.test_unknown_enum_values_rejected) ... ok
test_unknown_keys_rejected (test_grading_contract.ContractSerializationTests.test_unknown_keys_rejected) ... ok
test_every_declared_deterministic_code_is_reachable (test_grading_contract.OracleCodeAgreementTests.test_every_declared_deterministic_code_is_reachable) ... ok
test_every_emittable_code_is_declared_somewhere_it_serves (test_grading_contract.OracleCodeAgreementTests.test_every_emittable_code_is_declared_somewhere_it_serves) ... ok
test_calibration_dataset_enums_match_code (test_grading_schemas.EnumAgreementTests.test_calibration_dataset_enums_match_code) ... ok
test_calibration_report_observed_counts_match_code (test_grading_schemas.EnumAgreementTests.test_calibration_report_observed_counts_match_code) ... ok
test_contract_schema_enums_match_code (test_grading_schemas.EnumAgreementTests.test_contract_schema_enums_match_code) ... ok
test_grader_result_enums_match_code (test_grading_schemas.EnumAgreementTests.test_grader_result_enums_match_code) ... ok
test_judge_verdict_enums_match_code (test_grading_schemas.EnumAgreementTests.test_judge_verdict_enums_match_code) ... ok
test_contract_instance_matches_schema_keys (test_grading_schemas.InstanceKeyAgreementTests.test_contract_instance_matches_schema_keys) ... ok
test_all_schemas_load_and_are_closed (test_grading_schemas.SchemaHygieneTests.test_all_schemas_load_and_are_closed) ... ok
test_attempt_activation_evidence_frozen (test_group_a.TestDeepImmutability.test_attempt_activation_evidence_frozen) ... ok
test_budget_caps_source_mutation_has_no_effect (test_group_a.TestDeepImmutability.test_budget_caps_source_mutation_has_no_effect) ... ok
test_cost_usage_source_mutation_has_no_effect (test_group_a.TestDeepImmutability.test_cost_usage_source_mutation_has_no_effect) ... ok
test_coverage_bucket_source_mutation_has_no_effect (test_group_a.TestDeepImmutability.test_coverage_bucket_source_mutation_has_no_effect) ... ok
test_finite_duration_accepted (test_group_a.TestFiniteNumerics.test_finite_duration_accepted) ... ok
test_inf_duration_rejected (test_group_a.TestFiniteNumerics.test_inf_duration_rejected) ... ok
test_nan_duration_rejected (test_group_a.TestFiniteNumerics.test_nan_duration_rejected) ... ok
test_case_uid_caseid_mismatch_rejected (test_group_a.TestManifestIdentityBinding.test_case_uid_caseid_mismatch_rejected) ... ok
test_case_uid_owner_mismatch_rejected (test_group_a.TestManifestIdentityBinding.test_case_uid_owner_mismatch_rejected) ... ok
test_duplicate_assertion_index_rejected (test_group_a.TestManifestIdentityBinding.test_duplicate_assertion_index_rejected) ... ok
test_tampered_assertion_uid_rejected (test_group_a.TestManifestIdentityBinding.test_tampered_assertion_uid_rejected) ... ok
test_consistent_quarantine_accepted (test_group_a.TestQuarantineConsistency.test_consistent_quarantine_accepted) ... ok
test_latest_must_match_current (test_group_a.TestQuarantineConsistency.test_latest_must_match_current) ... ok
test_boolean_cannot_manufacture_quorum (test_group_a.TestQuorumReDerivation.test_boolean_cannot_manufacture_quorum) ... ok
test_from_dict_one_of_three_rejected (test_group_a.TestQuorumReDerivation.test_from_dict_one_of_three_rejected) ... ok
test_inconclusive_must_not_claim_quorum (test_group_a.TestQuorumReDerivation.test_inconclusive_must_not_claim_quorum) ... ok
test_inconclusive_wins_must_be_zero (test_group_a.TestQuorumReDerivation.test_inconclusive_wins_must_be_zero) ... ok
test_one_of_three_pass_rejected (test_group_a.TestQuorumReDerivation.test_one_of_three_pass_rejected) ... ok
test_valid_quorum_accepted (test_group_a.TestQuorumReDerivation.test_valid_quorum_accepted) ... ok
test_aggregate_missing_planned_attempts_rejected (test_group_a.TestReportIntegrity.test_aggregate_missing_planned_attempts_rejected) ... ok
test_attempt_without_aggregate_rejected (test_group_a.TestReportIntegrity.test_attempt_without_aggregate_rejected) ... ok
test_cross_run_attempt_rejected (test_group_a.TestReportIntegrity.test_cross_run_attempt_rejected) ... ok
test_duplicate_aggregate_rejected (test_group_a.TestReportIntegrity.test_duplicate_aggregate_rejected) ... ok
test_duplicate_repetition_rejected (test_group_a.TestReportIntegrity.test_duplicate_repetition_rejected) ... ok
test_fabricated_full_coverage_on_empty_run_rejected (test_group_a.TestReportIntegrity.test_fabricated_full_coverage_on_empty_run_rejected) ... ok
test_string_rejected_for_bool_field (test_group_a.TestStrictScalars.test_string_rejected_for_bool_field) ... ok
test_truthy_int_rejected_for_bool_field (test_group_a.TestStrictScalars.test_truthy_int_rejected_for_bool_field) ... ok
test_skill_may_not_use_delegated_mode (test_group_a.TestSubagentCrossField.test_skill_may_not_use_delegated_mode) ... ok
test_subagent_requires_annotation (test_group_a.TestSubagentCrossField.test_subagent_requires_annotation) ... ok
test_subagent_requires_delegated_mode (test_group_a.TestSubagentCrossField.test_subagent_requires_delegated_mode) ... ok
test_subagent_requires_subagent_profile (test_group_a.TestSubagentCrossField.test_subagent_requires_subagent_profile) ... ok
test_valid_subagent_accepted (test_group_a.TestSubagentCrossField.test_valid_subagent_accepted) ... ok
test_checkpoint_required_on_load (test_group_bcde.TestBudgetDeadlineAndDrift.test_checkpoint_required_on_load) ... ok
test_checkpoint_rollback_detected (test_group_bcde.TestBudgetDeadlineAndDrift.test_checkpoint_rollback_detected) ... ok
test_deadline_denies_after_expiry (test_group_bcde.TestBudgetDeadlineAndDrift.test_deadline_denies_after_expiry) ... ok
test_deadline_survives_reload (test_group_bcde.TestBudgetDeadlineAndDrift.test_deadline_survives_reload) ... ok
test_drift_preserves_reservation_and_engages_kill (test_group_bcde.TestBudgetDeadlineAndDrift.test_drift_preserves_reservation_and_engages_kill) ... ok
test_empty_reservation_denied (test_group_bcde.TestBudgetDeadlineAndDrift.test_empty_reservation_denied) ... ok
test_cross_run_mixture_rejected_at_verify (test_group_bcde.TestEvidenceBinding.test_cross_run_mixture_rejected_at_verify) ... ok
test_cross_run_report_rejected_at_finalize (test_group_bcde.TestEvidenceBinding.test_cross_run_report_rejected_at_finalize) ... ok
test_naive_timestamp_rejected (test_group_bcde.TestEvidenceBinding.test_naive_timestamp_rejected) ... ok
test_control_plane_manifest_not_under_runtime_root (test_group_bcde.TestMaterializationCensus.test_control_plane_manifest_not_under_runtime_root) ... ok
test_control_plane_path_fragment_classified (test_group_bcde.TestMaterializationCensus.test_control_plane_path_fragment_classified) ... ok
test_manifest_verification_fails_on_tamper (test_group_bcde.TestMaterializationCensus.test_manifest_verification_fails_on_tamper) ... ok
test_manifests_persisted_and_verifiable (test_group_bcde.TestMaterializationCensus.test_manifests_persisted_and_verifiable) ... ok
test_skill_dir_without_entry_point_is_not_shipped (test_group_bcde.TestMaterializationCensus.test_skill_dir_without_entry_point_is_not_shipped) ... ok
test_snapshot_files_are_immutable_view (test_group_bcde.TestMaterializationCensus.test_snapshot_files_are_immutable_view) ... ok
test_missing_required_file_excluded (test_group_bcde.TestPreflightCompleteness.test_missing_required_file_excluded) ... ok
test_missing_tool_permission_excluded (test_group_bcde.TestPreflightCompleteness.test_missing_tool_permission_excluded) ... ok
test_present_required_file_runnable (test_group_bcde.TestPreflightCompleteness.test_present_required_file_runnable) ... ok
test_unsafe_required_file_path_excluded (test_group_bcde.TestPreflightCompleteness.test_unsafe_required_file_path_excluded) ... ok
test_empty_reservation_item_denied_not_reserved (test_group_bcde.TestSchedulerPrefix.test_empty_reservation_item_denied_not_reserved) ... ok
test_no_lower_priority_after_prefix_exhaustion (test_group_bcde.TestSchedulerPrefix.test_no_lower_priority_after_prefix_exhaustion) ... ok
test_rejects_nonfinite_and_bool (test_group_bcde.TestTimeoutFinite.test_rejects_nonfinite_and_bool) ... ok
test_unmapped_unrun_reason_fails_closed (test_hardening.TestAggregationUnmappedReason.test_unmapped_unrun_reason_fails_closed) ... ok
test_corrupt_ledger_line_fails_closed (test_hardening.TestBudgetHardening.test_corrupt_ledger_line_fails_closed) ... ok
test_deleted_ledger_line_breaks_chain_on_load (test_hardening.TestBudgetHardening.test_deleted_ledger_line_breaks_chain_on_load) ... ok
test_uncapped_dimension_denied_by_default (test_hardening.TestBudgetHardening.test_uncapped_dimension_denied_by_default) ... ok
test_zero_request_for_uncapped_dimension_allowed (test_hardening.TestBudgetHardening.test_zero_request_for_uncapped_dimension_allowed) ... ok
test_gate_refuses_unlisted_path (test_hardening.TestEvidenceGateHardening.test_gate_refuses_unlisted_path) ... ok
test_gate_rehashes_on_read_catching_post_verify_tamper (test_hardening.TestEvidenceGateHardening.test_gate_rehashes_on_read_catching_post_verify_tamper) ... ok
test_manifest_path_traversal_refused (test_hardening.TestEvidenceGateHardening.test_manifest_path_traversal_refused) ... ok
test_stage_a_artifact_cannot_be_named_final_report (test_hardening.TestEvidenceGateHardening.test_stage_a_artifact_cannot_be_named_final_report) ... ok
test_stage_a_substitution_detected_by_final_verify (test_hardening.TestEvidenceGateHardening.test_stage_a_substitution_detected_by_final_verify) ... ok
test_non_empty_destination_refused (test_hardening.TestMaterializeHardening.test_non_empty_destination_refused) ... ok
test_required_subagent_missing_fails_closed (test_hardening.TestMaterializeHardening.test_required_subagent_missing_fails_closed) ... ok
test_required_subagent_under_wrong_profile_fails_closed (test_hardening.TestMaterializeHardening.test_required_subagent_under_wrong_profile_fails_closed) ... ok
test_duplicate_selection_refused_at_reservation_entry (test_hardening.TestSchedulerDedup.test_duplicate_selection_refused_at_reservation_entry) ... ok
test_asyncio_exception_is_confined_to_deadline_adapter_and_its_tests (test_hardening.TestStaticScanCannotBeBypassedByComment.test_asyncio_exception_is_confined_to_deadline_adapter_and_its_tests) ... ok
test_dynamic_exec_flagged (test_hardening.TestStaticScanCannotBeBypassedByComment.test_dynamic_exec_flagged) ... ok
test_extended_dynamic_exec_forms_flagged (test_hardening.TestStaticScanCannotBeBypassedByComment.test_extended_dynamic_exec_forms_flagged) ... ok
test_real_package_is_clean (test_hardening.TestStaticScanCannotBeBypassedByComment.test_real_package_is_clean) ... ok
test_scan_is_ast_based_not_substring (test_hardening.TestStaticScanCannotBeBypassedByComment.test_scan_is_ast_based_not_substring) ... ok
test_shell_true_flagged (test_hardening.TestStaticScanCannotBeBypassedByComment.test_shell_true_flagged) ... ok
test_case_edit_invalidates_assertion_uids (test_identity.TestAssertionUid.test_case_edit_invalidates_assertion_uids) ... ok
test_identical_text_in_different_cases_distinct (test_identity.TestAssertionUid.test_identical_text_in_different_cases_distinct)
Context changes meaning: text-only keying is forbidden (§20a-S25). ... ok
test_index_participates (test_identity.TestAssertionUid.test_index_participates) ... ok
test_identity_tuple (test_identity.TestAttemptIdentity.test_identity_tuple) ... ok
test_repetition_must_be_positive (test_identity.TestAttemptIdentity.test_repetition_must_be_positive) ... ok
test_changed_case_definition_changes_case_uid (test_identity.TestCaseUid.test_changed_case_definition_changes_case_uid) ... ok
test_components_may_not_contain_separator (test_identity.TestCaseUid.test_components_may_not_contain_separator) ... ok
test_identical_definition_is_stable (test_identity.TestCaseUid.test_identical_definition_is_stable) ... ok
test_parse_roundtrip (test_identity.TestCaseUid.test_parse_roundtrip) ... ok
test_same_case_id_different_owner_or_kind_distinct (test_identity.TestCaseUid.test_same_case_id_different_owner_or_kind_distinct) ... ok
test_deterministic_only_control_has_no_envelope (test_judge_envelope.EnvelopeConstructionTests.test_deterministic_only_control_has_no_envelope) ... ok
test_duck_typed_gate_is_rejected (test_judge_envelope.EnvelopeConstructionTests.test_duck_typed_gate_is_rejected) ... ok
test_envelope_hash_deterministic (test_judge_envelope.EnvelopeConstructionTests.test_envelope_hash_deterministic) ... ok
test_envelope_reads_only_manifest_listed_artifacts (test_judge_envelope.EnvelopeConstructionTests.test_envelope_reads_only_manifest_listed_artifacts) ... ok
test_envelope_requires_verified_gate (test_judge_envelope.EnvelopeConstructionTests.test_envelope_requires_verified_gate) ... ok
test_envelope_shape_and_round_trip (test_judge_envelope.EnvelopeConstructionTests.test_envelope_shape_and_round_trip) ... ok
test_extract_rejects_entry_without_content (test_judge_envelope.EnvelopeConstructionTests.test_extract_rejects_entry_without_content) ... ok
test_extract_rejects_invalid_base64_entry (test_judge_envelope.EnvelopeConstructionTests.test_extract_rejects_invalid_base64_entry) ... ok
test_leakage_keys_are_not_representable (test_judge_envelope.EnvelopeConstructionTests.test_leakage_keys_are_not_representable) ... ok
test_policy_text_never_inside_envelope (test_judge_envelope.EnvelopeConstructionTests.test_policy_text_never_inside_envelope) ... ok
test_rubric_carries_minimum_contract_only (test_judge_envelope.EnvelopeConstructionTests.test_rubric_carries_minimum_contract_only) ... ok
test_unknown_evidence_key_rejected (test_judge_envelope.EnvelopeConstructionTests.test_unknown_evidence_key_rejected) ... ok
test_unknown_rubric_ref_rejected (test_judge_envelope.EnvelopeConstructionTests.test_unknown_rubric_ref_rejected) ... ok
test_data_section_is_transport_encoded (test_judge_envelope.EnvelopeRenderingTests.test_data_section_is_transport_encoded) ... ok
test_rendered_text_has_exactly_one_data_block (test_judge_envelope.EnvelopeRenderingTests.test_rendered_text_has_exactly_one_data_block) ... ok
test_delimiter_injection_cannot_break_framing (test_judge_injection.InjectionEnvelopeTests.test_delimiter_injection_cannot_break_framing) ... ok
test_every_attack_round_trips_as_inert_data (test_judge_injection.InjectionEnvelopeTests.test_every_attack_round_trips_as_inert_data) ... ok
test_hidden_policy_request_gets_no_policy_text (test_judge_injection.InjectionEnvelopeTests.test_hidden_policy_request_gets_no_policy_text) ... ok
test_every_malformed_mock_output_is_judge_error (test_judge_injection.InjectionVerdictTests.test_every_malformed_mock_output_is_judge_error) ... ok
test_refusal_timeout_transport_are_judge_error (test_judge_injection.InjectionVerdictTests.test_refusal_timeout_transport_are_judge_error) ... ok
test_well_formed_mock_verdicts_parse (test_judge_injection.InjectionVerdictTests.test_well_formed_mock_verdicts_parse) ... ok
test_disabled_provider_denies_every_dispatch (test_judge_scaffold.InterfaceTests.test_disabled_provider_denies_every_dispatch) ... ok
test_identity_round_trip (test_judge_scaffold.InterfaceTests.test_identity_round_trip) ... ok
test_identity_unknown_keys_rejected (test_judge_scaffold.InterfaceTests.test_identity_unknown_keys_rejected) ... ok
test_no_real_provider_adapter_exists (test_judge_scaffold.InterfaceTests.test_no_real_provider_adapter_exists) ... ok
test_request_round_trip_and_versioning (test_judge_scaffold.InterfaceTests.test_request_round_trip_and_versioning) ... ok
test_mock_refuses_mismatched_envelope_bytes (test_judge_scaffold.MockClientTests.test_mock_refuses_mismatched_envelope_bytes) ... ok
test_mock_returns_recorded_response_only (test_judge_scaffold.MockClientTests.test_mock_returns_recorded_response_only) ... ok
test_mock_without_recording_is_transport_error (test_judge_scaffold.MockClientTests.test_mock_without_recording_is_transport_error) ... ok
test_evidence_ref_outside_envelope_is_judge_error (test_judge_scaffold.ParseOutputTests.test_evidence_ref_outside_envelope_is_judge_error) ... ok
test_judge_error_never_becomes_pass_or_fail (test_judge_scaffold.ParseOutputTests.test_judge_error_never_becomes_pass_or_fail) ... ok
test_malformed_json_is_judge_error (test_judge_scaffold.ParseOutputTests.test_malformed_json_is_judge_error) ... ok
test_request_mismatch_is_judge_error (test_judge_scaffold.ParseOutputTests.test_request_mismatch_is_judge_error) ... ok
test_transport_failures_map_to_judge_error (test_judge_scaffold.ParseOutputTests.test_transport_failures_map_to_judge_error) ... ok
test_unbound_request_is_judge_error (test_judge_scaffold.ParseOutputTests.test_unbound_request_is_judge_error) ... ok
test_valid_verdict_parses (test_judge_scaffold.ParseOutputTests.test_valid_verdict_parses) ... ok
test_wrong_rubric_hash_is_judge_error (test_judge_scaffold.ParseOutputTests.test_wrong_rubric_hash_is_judge_error) ... ok
test_policy_contains_every_required_clause (test_judge_scaffold.PolicyTests.test_policy_contains_every_required_clause) ... ok
test_policy_is_versioned_and_hashed (test_judge_scaffold.PolicyTests.test_policy_is_versioned_and_hashed) ... ok
test_coherent_topic_rule_preserved_exactly (test_judge_scaffold.RubricTests.test_coherent_topic_rule_preserved_exactly) ... ok
test_no_counting_oracle_exists (test_judge_scaffold.RubricTests.test_no_counting_oracle_exists) ... ok
test_rubric_declares_non_claim (test_judge_scaffold.RubricTests.test_rubric_declares_non_claim) ... ok
test_rubric_registry_is_closed (test_judge_scaffold.RubricTests.test_rubric_registry_is_closed) ... ok
test_fail_requires_failure_mode (test_judge_scaffold.VerdictSchemaTests.test_fail_requires_failure_mode) ... ok
test_no_reasoning_field_exists (test_judge_scaffold.VerdictSchemaTests.test_no_reasoning_field_exists) ... ok
test_offending_span_is_bounded (test_judge_scaffold.VerdictSchemaTests.test_offending_span_is_bounded) ... ok
test_pass_with_failure_mode_rejected (test_judge_scaffold.VerdictSchemaTests.test_pass_with_failure_mode_rejected) ... ok
test_unknown_enum_values_rejected (test_judge_scaffold.VerdictSchemaTests.test_unknown_enum_values_rejected) ... ok
test_unknown_field_rejected (test_judge_scaffold.VerdictSchemaTests.test_unknown_field_rejected) ... ok
test_valid_pass_fail_abstain (test_judge_scaffold.VerdictSchemaTests.test_valid_pass_fail_abstain) ... ok
test_verdict_id_is_bounded_and_format_constrained (test_judge_scaffold.VerdictSchemaTests.test_verdict_id_is_bounded_and_format_constrained) ... ok
test_real_repo_tree_verification (test_materialize.TestGitSnapshot.test_real_repo_tree_verification) ... ok
test_short_sha_rejected (test_materialize.TestGitSnapshot.test_short_sha_rejected) ... ok
test_tree_mismatch_fails_closed (test_materialize.TestGitSnapshot.test_tree_mismatch_fails_closed) ... ok
test_ambiguous_file_excluded_and_recorded (test_materialize.TestSyntheticMaterialization.test_ambiguous_file_excluded_and_recorded) ... ok
test_ambiguous_material_makes_baseline_ineligible (test_materialize.TestSyntheticMaterialization.test_ambiguous_material_makes_baseline_ineligible) ... ok
test_consumer_profiles_exclude_source_landmarks (test_materialize.TestSyntheticMaterialization.test_consumer_profiles_exclude_source_landmarks) ... ok
test_empty_area_swap_cannot_redirect_creation (test_materialize.TestSyntheticMaterialization.test_empty_area_swap_cannot_redirect_creation) ... skipped 'requires POSIX no-follow directory descriptors'
test_empty_control_plane_materializes_and_verifies (test_materialize.TestSyntheticMaterialization.test_empty_control_plane_materializes_and_verifies) ... ok
test_empty_control_plane_with_absent_destination (test_materialize.TestSyntheticMaterialization.test_empty_control_plane_with_absent_destination) ... ok
test_empty_fixture_materializes_and_verifies (test_materialize.TestSyntheticMaterialization.test_empty_fixture_materializes_and_verifies) ... ok
test_fixture_path_escape_refused (test_materialize.TestSyntheticMaterialization.test_fixture_path_escape_refused) ... ok
test_full_library_materializes_every_shipped_skill (test_materialize.TestSyntheticMaterialization.test_full_library_materializes_every_shipped_skill) ... ok
test_no_control_plane_file_in_runtime_surface (test_materialize.TestSyntheticMaterialization.test_no_control_plane_file_in_runtime_surface) ... ok
test_partial_install_marked_baseline_ineligible (test_materialize.TestSyntheticMaterialization.test_partial_install_marked_baseline_ineligible) ... ok
test_partial_requires_matching_profile_and_claim (test_materialize.TestSyntheticMaterialization.test_partial_requires_matching_profile_and_claim) ... ok
test_real_host_default_materialization_is_non_baseline (test_materialize.TestSyntheticMaterialization.test_real_host_default_materialization_is_non_baseline) ... ok
test_removed_empty_area_is_not_verified (test_materialize.TestSyntheticMaterialization.test_removed_empty_area_is_not_verified) ... ok
test_role_profile_mismatch_fails_closed (test_materialize.TestSyntheticMaterialization.test_role_profile_mismatch_fails_closed) ... ok
test_short_destination_alias_materializes_and_verifies (test_materialize.TestSyntheticMaterialization.test_short_destination_alias_materializes_and_verifies) ... ok
test_skills_only_profile_has_no_startup_files_or_subagents (test_materialize.TestSyntheticMaterialization.test_skills_only_profile_has_no_startup_files_or_subagents) ... ok
test_source_library_includes_landmarks (test_materialize.TestSyntheticMaterialization.test_source_library_includes_landmarks) ... ok
test_subagents_only_in_subagent_profile (test_materialize.TestSyntheticMaterialization.test_subagents_only_in_subagent_profile) ... ok
test_three_manifests_hashed_separately (test_materialize.TestSyntheticMaterialization.test_three_manifests_hashed_separately) ... ok
test_accepts_ordinary_relative_paths (test_pathsafe.TestNormalizeRelativePath.test_accepts_ordinary_relative_paths) ... ok
test_rejects_alternate_data_stream_marker (test_pathsafe.TestNormalizeRelativePath.test_rejects_alternate_data_stream_marker) ... ok
test_rejects_empty (test_pathsafe.TestNormalizeRelativePath.test_rejects_empty) ... ok
test_rejects_trailing_dot_or_space (test_pathsafe.TestNormalizeRelativePath.test_rejects_trailing_dot_or_space) ... ok
test_rejects_traversal_absolute_and_drive (test_pathsafe.TestNormalizeRelativePath.test_rejects_traversal_absolute_and_drive) ... ok
test_rejects_windows_device_names (test_pathsafe.TestNormalizeRelativePath.test_rejects_windows_device_names) ... ok
test_clean_chain_passes (test_pathsafe.TestReparseChain.test_clean_chain_passes) ... ok
test_join_refuses_escape (test_pathsafe.TestSafeJoin.test_join_refuses_escape) ... ok
test_join_stays_under_root (test_pathsafe.TestSafeJoin.test_join_stays_under_root) ... ok
test_every_exclusion_has_author_facing_finding (test_preflight.TestPreflightSemantics.test_every_exclusion_has_author_facing_finding) ... ok
test_manual_only_authorized_explicit_runs (test_preflight.TestPreflightSemantics.test_manual_only_authorized_explicit_runs) ... ok
test_manual_only_explicit_unauthorized_excluded (test_preflight.TestPreflightSemantics.test_manual_only_explicit_unauthorized_excluded) ... ok
test_manual_only_negative_case_still_runs (test_preflight.TestPreflightSemantics.test_manual_only_negative_case_still_runs) ... ok
test_manual_only_positive_without_authorization_excluded (test_preflight.TestPreflightSemantics.test_manual_only_positive_without_authorization_excluded) ... ok
test_missing_fixture (test_preflight.TestPreflightSemantics.test_missing_fixture) ... ok
test_missing_prerequisite (test_preflight.TestPreflightSemantics.test_missing_prerequisite) ... ok
test_missing_setup_never_becomes_behavioral_fail (test_preflight.TestPreflightSemantics.test_missing_setup_never_becomes_behavioral_fail)
No preflight path may produce FAIL (or PASS). ... ok
test_satisfied_prerequisites_runnable (test_preflight.TestPreflightSemantics.test_satisfied_prerequisites_runnable) ... ok
test_setup_failure_is_error_never_fail (test_preflight.TestPreflightSemantics.test_setup_failure_is_error_never_fail) ... ok
test_unjudgeable_required_assertion_excluded (test_preflight.TestPreflightSemantics.test_unjudgeable_required_assertion_excluded) ... ok
test_invalid_pid_rejected (test_process_control.TestProcessTreeKill.test_invalid_pid_rejected) ... ok
test_supervise_rejects_raw_popen (test_process_control.TestProcessTreeKill.test_supervise_rejects_raw_popen) ... ok
test_watchdog_kills_synthetic_child_tree (test_process_control.TestProcessTreeKill.test_watchdog_kills_synthetic_child_tree) ... ok
test_watchdog_returns_none_when_process_finishes (test_process_control.TestProcessTreeKill.test_watchdog_returns_none_when_process_finishes) ... ok
test_deadline_semantics (test_process_control.TestTimeoutController.test_deadline_semantics) ... ok
test_invalid_limit_rejected (test_process_control.TestTimeoutController.test_invalid_limit_rejected) ... ok
test_approval_for_target_a_cannot_authorize_target_b (test_r2_trust_binding.ApprovalTargetBindingTests.test_approval_for_target_a_cannot_authorize_target_b) ... ok
test_arbitrary_out_path_no_longer_exists (test_r2_trust_binding.CliEnvelopeBoundaryTests.test_arbitrary_out_path_no_longer_exists) ... ok
test_cli_emits_metadata_only (test_r2_trust_binding.CliEnvelopeBoundaryTests.test_cli_emits_metadata_only) ... ok
test_binding_rejects_tampered_control_context_content (test_r2_trust_binding.JudgeBindingTests.test_binding_rejects_tampered_control_context_content) ... ok
test_contract_hash_mismatch_fails_closed (test_r2_trust_binding.JudgeBindingTests.test_contract_hash_mismatch_fails_closed) ... ok
test_control_id_mismatch_fails_closed (test_r2_trust_binding.JudgeBindingTests.test_control_id_mismatch_fails_closed) ... ok
test_dispatch_mock_judgment_binds_before_lookup (test_r2_trust_binding.JudgeBindingTests.test_dispatch_mock_judgment_binds_before_lookup) ... ok
test_envelope_carries_trusted_control_context (test_r2_trust_binding.JudgeBindingTests.test_envelope_carries_trusted_control_context) ... ok
test_mock_dispatch_requires_matching_envelope_bytes (test_r2_trust_binding.JudgeBindingTests.test_mock_dispatch_requires_matching_envelope_bytes) ... ok
test_rendered_envelope_includes_requirement_and_criteria (test_r2_trust_binding.JudgeBindingTests.test_rendered_envelope_includes_requirement_and_criteria) ... ok
test_request_manifest_mismatch_fails_closed (test_r2_trust_binding.JudgeBindingTests.test_request_manifest_mismatch_fails_closed) ... ok
test_rubric_mismatch_fails_closed (test_r2_trust_binding.JudgeBindingTests.test_rubric_mismatch_fails_closed) ... ok
test_rubric_must_match_the_controls_contract_rubric (test_r2_trust_binding.JudgeBindingTests.test_rubric_must_match_the_controls_contract_rubric) ... ok
test_two_envelopes_one_request_id_cannot_both_bind (test_r2_trust_binding.JudgeBindingTests.test_two_envelopes_one_request_id_cannot_both_bind) ... ok
test_verdict_evidence_refs_come_from_the_actual_envelope (test_r2_trust_binding.JudgeBindingTests.test_verdict_evidence_refs_come_from_the_actual_envelope) ... ok
test_contract_carries_structured_required_oracle_ids (test_r2_trust_binding.OracleCompletenessTests.test_contract_carries_structured_required_oracle_ids) ... ok
test_control_m_requires_both_oracles (test_r2_trust_binding.OracleCompletenessTests.test_control_m_requires_both_oracles) ... ok
test_control_o_requires_both_oracles (test_r2_trust_binding.OracleCompletenessTests.test_control_o_requires_both_oracles) ... ok
test_duplicate_oracle_is_error (test_r2_trust_binding.OracleCompletenessTests.test_duplicate_oracle_is_error) ... ok
test_extra_unexpected_oracle_is_error (test_r2_trust_binding.OracleCompletenessTests.test_extra_unexpected_oracle_is_error) ... ok
test_fabricated_oracle_results_are_unrepresentable (test_r2_trust_binding.OracleCompletenessTests.test_fabricated_oracle_results_are_unrepresentable) ... ok
test_mixed_case_uids_are_error (test_r2_trust_binding.OracleCompletenessTests.test_mixed_case_uids_are_error) ... ok
test_outcome_carries_contract_and_plan_hashes (test_r2_trust_binding.OracleCompletenessTests.test_outcome_carries_contract_and_plan_hashes) ... ok
test_results_carry_exact_oracle_identity (test_r2_trust_binding.OracleCompletenessTests.test_results_carry_exact_oracle_identity) ... ok
test_semantic_only_control_rejects_fabricated_deterministic_result (test_r2_trust_binding.OracleCompletenessTests.test_semantic_only_control_rejects_fabricated_deterministic_result) ... ok
test_control_ids_are_closed_everywhere (test_r2_trust_binding.StrictParserTests.test_control_ids_are_closed_everywhere) ... ok
test_malformed_evidence_detail_never_echoes_content (test_r2_trust_binding.StrictParserTests.test_malformed_evidence_detail_never_echoes_content) ... ok
test_plan_schema_is_bound_and_key_complete (test_r2_trust_binding.StrictParserTests.test_plan_schema_is_bound_and_key_complete) ... ok
test_schemas_carry_cross_field_rules (test_r2_trust_binding.StrictParserTests.test_schemas_carry_cross_field_rules) ... ok
test_string_never_becomes_a_tuple_of_characters (test_r2_trust_binding.StrictParserTests.test_string_never_becomes_a_tuple_of_characters) ... ok
test_activation_expectation_is_plan_data (test_r2_trust_binding.TrustedPlanSeparationTests.test_activation_expectation_is_plan_data) ... ok
test_expected_role_is_plan_data_not_observation (test_r2_trust_binding.TrustedPlanSeparationTests.test_expected_role_is_plan_data_not_observation) ... ok
test_grader_results_bind_plan_and_evidence_hashes_separately (test_r2_trust_binding.TrustedPlanSeparationTests.test_grader_results_bind_plan_and_evidence_hashes_separately) ... ok
test_loop_threshold_cannot_be_raised_by_observation (test_r2_trust_binding.TrustedPlanSeparationTests.test_loop_threshold_cannot_be_raised_by_observation) ... ok
test_observed_answer_id_cannot_be_added_to_the_bank (test_r2_trust_binding.TrustedPlanSeparationTests.test_observed_answer_id_cannot_be_added_to_the_bank) ... ok
test_owner_gate_ids_cannot_be_emptied_by_observation (test_r2_trust_binding.TrustedPlanSeparationTests.test_owner_gate_ids_cannot_be_emptied_by_observation) ... ok
test_plan_binds_the_current_contract_hash (test_r2_trust_binding.TrustedPlanSeparationTests.test_plan_binds_the_current_contract_hash) ... ok
test_plan_is_typed_not_a_mapping (test_r2_trust_binding.TrustedPlanSeparationTests.test_plan_is_typed_not_a_mapping) ... ok
test_plan_only_keys_inside_observed_evidence_fail_closed (test_r2_trust_binding.TrustedPlanSeparationTests.test_plan_only_keys_inside_observed_evidence_fail_closed) ... ok
test_required_start_cannot_be_disabled_by_observation (test_r2_trust_binding.TrustedPlanSeparationTests.test_required_start_cannot_be_disabled_by_observation) ... ok
test_semantic_gates_cannot_be_weakened_by_observation (test_r2_trust_binding.TrustedPlanSeparationTests.test_semantic_gates_cannot_be_weakened_by_observation) ... ok
test_accounting_vs_actually_graded_distinct (test_reporting.TestCoverageArithmetic.test_accounting_vs_actually_graded_distinct)
Assertion ACCOUNTING is not assertion GRADING. ... ok
test_graded_may_never_exceed_accounted (test_reporting.TestCoverageArithmetic.test_graded_may_never_exceed_accounted) ... ok
test_metric_names_exact (test_reporting.TestCoverageArithmetic.test_metric_names_exact) ... ok
test_selected_preflight_runnable_chain (test_reporting.TestCoverageArithmetic.test_selected_preflight_runnable_chain) ... ok
test_demonstration_report_all_unrun_inconclusive (test_reporting.TestHonestDefaults.test_demonstration_report_all_unrun_inconclusive) ... ok
test_earned_pass_accepted (test_reporting.TestHonestDefaults.test_earned_pass_accepted) ... ok
test_pass_without_executed_attempts_refused (test_reporting.TestHonestDefaults.test_pass_without_executed_attempts_refused) ... ok
test_report_is_deterministically_ordered (test_reporting.TestHonestDefaults.test_report_is_deterministically_ordered) ... ok
test_unfinalized_binding_marked (test_reporting.TestHonestDefaults.test_unfinalized_binding_marked) ... ok
test_duplicate_manifest_path_rejected_with_rebound_record (test_review_blockers.TestEnumerationFailsClosed.test_duplicate_manifest_path_rejected_with_rebound_record) ... ok
test_expected_record_is_required (test_review_blockers.TestEnumerationFailsClosed.test_expected_record_is_required) ... ok
test_extra_on_disk_file_rejected (test_review_blockers.TestEnumerationFailsClosed.test_extra_on_disk_file_rejected) ... ok
test_manifest_omission_rejected_even_if_hash_and_body_are_rebound (test_review_blockers.TestEnumerationFailsClosed.test_manifest_omission_rejected_even_if_hash_and_body_are_rebound) ... ok
test_manifest_substitution_rejected (test_review_blockers.TestEnumerationFailsClosed.test_manifest_substitution_rejected) ... ok
test_source_identity_change_rejected_with_rebound_hash (test_review_blockers.TestEnumerationFailsClosed.test_source_identity_change_rejected_with_rebound_hash) ... ok
test_symlink_replacement_rejected (test_review_blockers.TestEnumerationFailsClosed.test_symlink_replacement_rejected) ... skipped 'symlink creation unavailable'
test_valid_manifests_verify_against_expected_record (test_review_blockers.TestEnumerationFailsClosed.test_valid_manifests_verify_against_expected_record) ... ok
test_walk_error_is_fail_closed (test_review_blockers.TestEnumerationFailsClosed.test_walk_error_is_fail_closed) ... ok
test_fabricated_baseline_eligible_rejected (test_review_blockers.TestExecutionProfileDerivedClaims.test_fabricated_baseline_eligible_rejected) ... ok
test_fabricated_hash_rejected (test_review_blockers.TestExecutionProfileDerivedClaims.test_fabricated_hash_rejected) ... ok
test_hash_wrong_format_rejected (test_review_blockers.TestExecutionProfileDerivedClaims.test_hash_wrong_format_rejected) ... ok
test_matching_derived_fields_accepted (test_review_blockers.TestExecutionProfileDerivedClaims.test_matching_derived_fields_accepted) ... ok
test_nonbool_baseline_eligible_rejected (test_review_blockers.TestExecutionProfileDerivedClaims.test_nonbool_baseline_eligible_rejected) ... ok
test_reasons_empty_nonlist_rejected (test_review_blockers.TestExecutionProfileDerivedClaims.test_reasons_empty_nonlist_rejected) ... ok
test_approved_isolated_profile_remains_eligible (test_review_blockers.TestExecutionProfileIsolation.test_approved_isolated_profile_remains_eligible) ... ok
test_every_baseline_field_rejects_unapproved_observed_state (test_review_blockers.TestExecutionProfileIsolation.test_every_baseline_field_rejects_unapproved_observed_state) ... ok
test_schema_baseline_true_is_limited_to_the_same_safe_states (test_review_blockers.TestExecutionProfileIsolation.test_schema_baseline_true_is_limited_to_the_same_safe_states) ... ok
test_duplicate_manifest_path_rejected_with_rebound_record (test_review_blockers.TestManifestPathsPortability.test_duplicate_manifest_path_rejected_with_rebound_record) ... ok
test_expected_record_is_required (test_review_blockers.TestManifestPathsPortability.test_expected_record_is_required) ... ok
test_extra_on_disk_file_rejected (test_review_blockers.TestManifestPathsPortability.test_extra_on_disk_file_rejected) ... ok
test_manifest_omission_rejected_even_if_hash_and_body_are_rebound (test_review_blockers.TestManifestPathsPortability.test_manifest_omission_rejected_even_if_hash_and_body_are_rebound) ... ok
test_manifest_substitution_rejected (test_review_blockers.TestManifestPathsPortability.test_manifest_substitution_rejected) ... ok
test_source_identity_change_rejected_with_rebound_hash (test_review_blockers.TestManifestPathsPortability.test_source_identity_change_rejected_with_rebound_hash) ... ok
test_symlink_replacement_rejected (test_review_blockers.TestManifestPathsPortability.test_symlink_replacement_rejected) ... skipped 'symlink creation unavailable'
test_to_dict_keys_subset_of_schema (test_review_blockers.TestManifestPathsPortability.test_to_dict_keys_subset_of_schema) ... ok
test_to_dict_omits_absolute_manifest_paths (test_review_blockers.TestManifestPathsPortability.test_to_dict_omits_absolute_manifest_paths) ... ok
test_valid_manifests_verify_against_expected_record (test_review_blockers.TestManifestPathsPortability.test_valid_manifests_verify_against_expected_record) ... ok
test_duplicate_manifest_path_rejected_with_rebound_record (test_review_blockers.TestMaterializationManifestIntegrity.test_duplicate_manifest_path_rejected_with_rebound_record) ... ok
test_expected_record_is_required (test_review_blockers.TestMaterializationManifestIntegrity.test_expected_record_is_required) ... ok
test_extra_on_disk_file_rejected (test_review_blockers.TestMaterializationManifestIntegrity.test_extra_on_disk_file_rejected) ... ok
test_manifest_omission_rejected_even_if_hash_and_body_are_rebound (test_review_blockers.TestMaterializationManifestIntegrity.test_manifest_omission_rejected_even_if_hash_and_body_are_rebound) ... ok
test_manifest_substitution_rejected (test_review_blockers.TestMaterializationManifestIntegrity.test_manifest_substitution_rejected) ... ok
test_source_identity_change_rejected_with_rebound_hash (test_review_blockers.TestMaterializationManifestIntegrity.test_source_identity_change_rejected_with_rebound_hash) ... ok
test_symlink_replacement_rejected (test_review_blockers.TestMaterializationManifestIntegrity.test_symlink_replacement_rejected) ... skipped 'symlink creation unavailable'
test_valid_manifests_verify_against_expected_record (test_review_blockers.TestMaterializationManifestIntegrity.test_valid_manifests_verify_against_expected_record) ... ok
test_ambiguity_inventory_is_classified_unverified (test_review_blockers.TestMaterializationRecordClaimBinding.test_ambiguity_inventory_is_classified_unverified) ... ok
test_baseline_without_proven_write_integrity_rejected (test_review_blockers.TestMaterializationRecordClaimBinding.test_baseline_without_proven_write_integrity_rejected) ... ok
test_duplicate_manifest_path_rejected_with_rebound_record (test_review_blockers.TestMaterializationRecordClaimBinding.test_duplicate_manifest_path_rejected_with_rebound_record) ... ok
test_eligible_record_with_spurious_reasons_rejected (test_review_blockers.TestMaterializationRecordClaimBinding.test_eligible_record_with_spurious_reasons_rejected) ... ok
test_expected_record_is_required (test_review_blockers.TestMaterializationRecordClaimBinding.test_expected_record_is_required) ... ok
test_extra_on_disk_file_rejected (test_review_blockers.TestMaterializationRecordClaimBinding.test_extra_on_disk_file_rejected) ... ok
test_fabricated_ambiguity_inventory_not_certified (test_review_blockers.TestMaterializationRecordClaimBinding.test_fabricated_ambiguity_inventory_not_certified) ... ok
test_fabricated_ineligibility_reasons_rejected (test_review_blockers.TestMaterializationRecordClaimBinding.test_fabricated_ineligibility_reasons_rejected) ... ok
test_false_baseline_eligible_with_ambiguity_rejected (test_review_blockers.TestMaterializationRecordClaimBinding.test_false_baseline_eligible_with_ambiguity_rejected) ... ok
test_full_library_inflated_shipped_count_rejected (test_review_blockers.TestMaterializationRecordClaimBinding.test_full_library_inflated_shipped_count_rejected) ... ok
test_ineligible_record_with_empty_reasons_rejected (test_review_blockers.TestMaterializationRecordClaimBinding.test_ineligible_record_with_empty_reasons_rejected) ... ok
test_inflated_materialized_skill_count_rejected (test_review_blockers.TestMaterializationRecordClaimBinding.test_inflated_materialized_skill_count_rejected) ... ok
test_inflated_subagent_count_rejected (test_review_blockers.TestMaterializationRecordClaimBinding.test_inflated_subagent_count_rejected) ... ok
test_manifest_omission_rejected_even_if_hash_and_body_are_rebound (test_review_blockers.TestMaterializationRecordClaimBinding.test_manifest_omission_rejected_even_if_hash_and_body_are_rebound) ... ok
test_manifest_substitution_rejected (test_review_blockers.TestMaterializationRecordClaimBinding.test_manifest_substitution_rejected) ... ok
test_non_bool_write_integrity_rejected (test_review_blockers.TestMaterializationRecordClaimBinding.test_non_bool_write_integrity_rejected) ... ok
test_partial_install_claiming_baseline_eligible_rejected (test_review_blockers.TestMaterializationRecordClaimBinding.test_partial_install_claiming_baseline_eligible_rejected) ... ok
test_source_identity_change_rejected_with_rebound_hash (test_review_blockers.TestMaterializationRecordClaimBinding.test_source_identity_change_rejected_with_rebound_hash) ... ok
test_symlink_replacement_rejected (test_review_blockers.TestMaterializationRecordClaimBinding.test_symlink_replacement_rejected) ... skipped 'symlink creation unavailable'
test_top_level_verified_does_not_imply_complete_record (test_review_blockers.TestMaterializationRecordClaimBinding.test_top_level_verified_does_not_imply_complete_record) ... ok
test_valid_manifests_verify_against_expected_record (test_review_blockers.TestMaterializationRecordClaimBinding.test_valid_manifests_verify_against_expected_record) ... ok
test_manifest_writes_use_reparse_checked_path (test_review_blockers.TestMaterializationWriteReparse.test_manifest_writes_use_reparse_checked_path) ... ok
test_materialization_write_capability_non_baseline (test_review_blockers.TestMaterializationWriteReparse.test_materialization_write_capability_non_baseline) ... ok
test_posix_area_root_swap_fails_closed (test_review_blockers.TestMaterializationWriteReparse.test_posix_area_root_swap_fails_closed) ... skipped 'descriptor-relative no-follow write is POSIX-only (UNRUN on Windows)'
test_posix_parent_swap_between_check_and_open_fails_closed (test_review_blockers.TestMaterializationWriteReparse.test_posix_parent_swap_between_check_and_open_fails_closed) ... skipped 'descriptor-relative no-follow write is POSIX-only (UNRUN on Windows)'
test_reparse_write_capability_matches_platform (test_review_blockers.TestMaterializationWriteReparse.test_reparse_write_capability_matches_platform) ... ok
test_windows_host_has_no_dirfd_nofollow_write (test_review_blockers.TestMaterializationWriteReparse.test_windows_host_has_no_dirfd_nofollow_write) ... ok
test_write_file_refuses_symlink_root (test_review_blockers.TestMaterializationWriteReparse.test_write_file_refuses_symlink_root) ... skipped 'symlink creation unavailable'
test_write_file_refuses_symlinked_parent (test_review_blockers.TestMaterializationWriteReparse.test_write_file_refuses_symlinked_parent) ... skipped 'symlink creation unavailable'
test_cleanup_runs_on_normal_leader_exit (test_review_blockers.TestSupervisorDescendantCleanup.test_cleanup_runs_on_normal_leader_exit) ... ok
test_descendants_remaining_after_kill_fails_closed (test_review_blockers.TestSupervisorDescendantCleanup.test_descendants_remaining_after_kill_fails_closed) ... ok
test_group_is_bound_at_creation_not_by_late_getpgid (test_review_blockers.TestSupervisorDescendantCleanup.test_group_is_bound_at_creation_not_by_late_getpgid) ... ok
test_killpg_failure_is_not_swallowed (test_review_blockers.TestSupervisorDescendantCleanup.test_killpg_failure_is_not_swallowed) ... ok
test_posix_background_child_terminated_after_leader_exit (test_review_blockers.TestSupervisorDescendantCleanup.test_posix_background_child_terminated_after_leader_exit) ... skipped 'POSIX process-group semantics'
test_spawn_supervised_rejects_disabled_session (test_review_blockers.TestSupervisorDescendantCleanup.test_spawn_supervised_rejects_disabled_session) ... ok
test_supervise_rejects_raw_popen (test_review_blockers.TestSupervisorDescendantCleanup.test_supervise_rejects_raw_popen) ... ok
test_unavailable_cleanup_is_not_clean_or_baseline (test_review_blockers.TestSupervisorDescendantCleanup.test_unavailable_cleanup_is_not_clean_or_baseline) ... ok
test_windows_post_leader_cleanup_is_unavailable_not_success (test_review_blockers.TestSupervisorDescendantCleanup.test_windows_post_leader_cleanup_is_unavailable_not_success) ... ok
test_poisoned_environment_cannot_select_taskkill_binary (test_review_blockers.TestTrustedTaskkill.test_poisoned_environment_cannot_select_taskkill_binary) ... ok
test_reparse_system_directory_rejected (test_review_blockers.TestTrustedTaskkill.test_reparse_system_directory_rejected) ... skipped 'symlink creation unavailable'
test_windows_system_directory_uses_registry_not_environment (test_review_blockers.TestTrustedTaskkill.test_windows_system_directory_uses_registry_not_environment) ... ok
test_all_evals_content_control_plane (test_runtime_surface.TestClassificationRules.test_all_evals_content_control_plane) ... ok
test_eval_files_control_plane_wherever_they_appear (test_runtime_surface.TestClassificationRules.test_eval_files_control_plane_wherever_they_appear) ... ok
test_expected_answers_rubrics_manifests_control_plane (test_runtime_surface.TestClassificationRules.test_expected_answers_rubrics_manifests_control_plane) ... ok
test_extension_alone_never_decides (test_runtime_surface.TestClassificationRules.test_extension_alone_never_decides)
Same extension, different classification by role/context. ... ok
test_legitimate_runtime_material (test_runtime_surface.TestClassificationRules.test_legitimate_runtime_material) ... ok
test_package_classification_deterministic_order (test_runtime_surface.TestClassificationRules.test_package_classification_deterministic_order) ... ok
test_skill_md_is_runtime_required (test_runtime_surface.TestClassificationRules.test_skill_md_is_runtime_required) ... ok
test_traversal_segments_rejected (test_runtime_surface.TestClassificationRules.test_traversal_segments_rejected) ... ok
test_unknown_files_fail_closed_to_ambiguous (test_runtime_surface.TestClassificationRules.test_unknown_files_fail_closed_to_ambiguous) ... ok
test_critical_cases_consume_budget_first (test_scheduler.TestBudgetAwareDispatchPrefix.test_critical_cases_consume_budget_first) ... ok
test_exhaustion_produces_reproducible_prefix (test_scheduler.TestBudgetAwareDispatchPrefix.test_exhaustion_produces_reproducible_prefix) ... ok
test_queue_positions_recorded (test_scheduler.TestBudgetAwareDispatchPrefix.test_queue_positions_recorded) ... ok
test_duplicate_selection_rejected (test_scheduler.TestDeterministicQueue.test_duplicate_selection_rejected) ... ok
test_input_iteration_order_is_irrelevant (test_scheduler.TestDeterministicQueue.test_input_iteration_order_is_irrelevant)
Neither filesystem-style nor dict ordering may affect the queue. ... ok
test_no_automatic_reprioritization (test_scheduler.TestDeterministicQueue.test_no_automatic_reprioritization) ... ok
test_policy_hash_stable (test_scheduler.TestDeterministicQueue.test_policy_hash_stable) ... ok
test_priority_tiers_strictly_ordered (test_scheduler.TestDeterministicQueue.test_priority_tiers_strictly_ordered) ... ok
test_same_policy_selection_seed_same_queue (test_scheduler.TestDeterministicQueue.test_same_policy_selection_seed_same_queue) ... ok
test_seeded_rotation_deterministic_and_seed_sensitive (test_scheduler.TestDeterministicQueue.test_seeded_rotation_deterministic_and_seed_sensitive) ... ok
test_seeded_rotation_without_seed_rejected (test_scheduler.TestDeterministicQueue.test_seeded_rotation_without_seed_rejected) ... ok
test_within_priority_canonical_case_uid_order (test_scheduler.TestDeterministicQueue.test_within_priority_canonical_case_uid_order) ... ok
test_incoming_edges_included_with_reason (test_scheduler.TestReverseEdgeInclusion.test_incoming_edges_included_with_reason) ... ok
test_own_case_wins_over_reverse_when_same_case (test_scheduler.TestReverseEdgeInclusion.test_own_case_wins_over_reverse_when_same_case) ... ok
test_skill_and_subagent_edges_are_distinct (test_scheduler.TestReverseEdgeInclusion.test_skill_and_subagent_edges_are_distinct) ... ok
test_importing_the_package_loads_no_network_module (test_static_safety.TestStaticSafety.test_importing_the_package_loads_no_network_module) ... ok
test_no_dependency_or_install_files (test_static_safety.TestStaticSafety.test_no_dependency_or_install_files) ... ok
test_no_dispatch_function_reachable (test_static_safety.TestStaticSafety.test_no_dispatch_function_reachable)
No runtime module can reach a provider outside the ONE narrowly ... ok
test_no_forbidden_source_patterns (test_static_safety.TestStaticSafety.test_no_forbidden_source_patterns) ... ok
test_no_live_provider_adapter_module (test_static_safety.TestStaticSafety.test_no_live_provider_adapter_module) ... ok
test_subprocess_confined_to_allowlisted_modules (test_static_safety.TestStaticSafety.test_subprocess_confined_to_allowlisted_modules) ... ok
test_adapters_directory_remains_frozen (test_static_safety_calibration.TestCalibrationStaticSafety.test_adapters_directory_remains_frozen) ... ok
test_ast_scan_still_reports_zero_violations (test_static_safety_calibration.TestCalibrationStaticSafety.test_ast_scan_still_reports_zero_violations) ... ok
test_calibration_modules_never_import_subprocess_or_ctypes (test_static_safety_calibration.TestCalibrationStaticSafety.test_calibration_modules_never_import_subprocess_or_ctypes) ... ok
test_generic_live_denial_boundary_is_untouched (test_static_safety_calibration.TestCalibrationStaticSafety.test_generic_live_denial_boundary_is_untouched) ... ok
test_import_probe_is_clean_lazy_sdk_import_proven (test_static_safety_calibration.TestCalibrationStaticSafety.test_import_probe_is_clean_lazy_sdk_import_proven) ... ok
test_no_credential_looking_literal_anywhere (test_static_safety_calibration.TestCalibrationStaticSafety.test_no_credential_looking_literal_anywhere) ... ok
test_no_dependency_files_added_by_wp2b3 (test_static_safety_calibration.TestCalibrationStaticSafety.test_no_dependency_files_added_by_wp2b3) ... ok
test_no_tls_or_verification_weakening_literals (test_static_safety_calibration.TestCalibrationStaticSafety.test_no_tls_or_verification_weakening_literals) ... ok
test_other_provider_fragments_remain_banned_everywhere (test_static_safety_calibration.TestCalibrationStaticSafety.test_other_provider_fragments_remain_banned_everywhere) ... ok
test_provider_fragments_confined_to_the_allowlist (test_static_safety_calibration.TestCalibrationStaticSafety.test_provider_fragments_confined_to_the_allowlist) ... ok
test_importing_grading_stack_loads_no_network_module (test_static_safety_grading.TestGradingStackStaticSafety.test_importing_grading_stack_loads_no_network_module) ... ok

----------------------------------------------------------------------
Ran 987 tests in 162.557s

OK (skipped=14)
